-- phpMyAdmin SQL Dump
-- version 4.8.0
-- https://www.phpmyadmin.net/
--
-- Servidor: 127.0.0.1
-- Tiempo de generación: 02-01-2019 a las 06:57:05
-- Versión del servidor: 10.1.31-MariaDB
-- Versión de PHP: 7.2.4

SET SQL_MODE = "NO_AUTO_VALUE_ON_ZERO";
SET AUTOCOMMIT = 0;
START TRANSACTION;
SET time_zone = "+00:00";


/*!40101 SET @OLD_CHARACTER_SET_CLIENT=@@CHARACTER_SET_CLIENT */;
/*!40101 SET @OLD_CHARACTER_SET_RESULTS=@@CHARACTER_SET_RESULTS */;
/*!40101 SET @OLD_COLLATION_CONNECTION=@@COLLATION_CONNECTION */;
/*!40101 SET NAMES utf8mb4 */;

--
-- Base de datos: `radico`
--

-- --------------------------------------------------------

--
-- Estructura de tabla para la tabla `acciones`
--

CREATE TABLE `acciones` (
  `AcId` int(10) UNSIGNED NOT NULL,
  `AcDescripcion` varchar(60) COLLATE utf8mb4_unicode_ci NOT NULL,
  `created_at` timestamp NULL DEFAULT NULL,
  `updated_at` timestamp NULL DEFAULT NULL,
  `AcUsuarios` int(10) UNSIGNED NOT NULL,
  `AcTipo` int(10) UNSIGNED NOT NULL
) ENGINE=InnoDB DEFAULT CHARSET=utf8mb4 COLLATE=utf8mb4_unicode_ci;

-- --------------------------------------------------------

--
-- Estructura de tabla para la tabla `archivos`
--

CREATE TABLE `archivos` (
  `id` int(10) UNSIGNED NOT NULL,
  `archivos` varchar(100) COLLATE utf8mb4_unicode_ci NOT NULL,
  `rutaarchivos` longtext COLLATE utf8mb4_unicode_ci NOT NULL,
  `ArRadicado` int(11) NOT NULL
) ENGINE=InnoDB DEFAULT CHARSET=utf8mb4 COLLATE=utf8mb4_unicode_ci;

-- --------------------------------------------------------

--
-- Estructura de tabla para la tabla `cargos`
--

CREATE TABLE `cargos` (
  `id` int(10) UNSIGNED NOT NULL,
  `codigo` varchar(10) COLLATE utf8mb4_unicode_ci NOT NULL,
  `nombre` varchar(100) COLLATE utf8mb4_unicode_ci NOT NULL,
  `dependencia_id` int(10) UNSIGNED NOT NULL,
  `created_at` timestamp NULL DEFAULT NULL,
  `updated_at` timestamp NULL DEFAULT NULL
) ENGINE=InnoDB DEFAULT CHARSET=utf8mb4 COLLATE=utf8mb4_unicode_ci;

--
-- Volcado de datos para la tabla `cargos`
--

INSERT INTO `cargos` (`id`, `codigo`, `nombre`, `dependencia_id`, `created_at`, `updated_at`) VALUES
(1, '4871', 'FONTANERO ALCANTARILLADO', 7, '2018-12-23 06:10:28', '2018-12-23 06:10:28'),
(2, '0090', 'SUBGERENTE FINANCIERO', 5, '2018-12-23 06:10:48', '2018-12-23 06:10:48'),
(3, '4872', 'FONTANERO ALCANTARILLADO2', 7, '2018-12-23 06:12:44', '2018-12-23 06:12:44'),
(4, '0006', 'JEFE DE CONTROL INTERNO', 8, '2018-12-23 06:13:37', '2018-12-23 06:13:37'),
(5, '4071', 'AUXILIAR ADMINISTRATIVO FACTURACION', 6, '2018-12-23 06:15:40', '2018-12-23 06:15:40'),
(6, '0050', 'GERENTE GENERAL', 4, '2018-12-23 06:16:23', '2018-12-23 06:16:23'),
(7, '4873', 'FONTANERO ACUEDUCTO', 7, '2018-12-23 06:17:19', '2018-12-23 06:17:19'),
(8, '0425', 'SECRETARIA GENERAL', 6, '2018-12-23 06:17:57', '2018-12-23 06:17:57'),
(9, '4072', 'AUXILIAR ADMINISTRATIVO PQR', 6, '2018-12-23 06:19:02', '2018-12-23 06:19:02'),
(12, '4874', 'FONTANERO ACUEDUCTO2', 7, '2018-12-23 06:21:50', '2018-12-23 06:21:50'),
(14, '00901', 'SUBGERENTE TECNICO OPERATIVO', 7, '2018-12-23 06:24:22', '2018-12-23 06:24:22'),
(15, '0314', 'SUPERVISOR', 7, '2018-12-23 06:24:57', '2018-12-23 06:24:57'),
(16, '4875', 'FONTANERO ACUEDUCTO3', 7, '2018-12-23 06:25:34', '2018-12-23 06:25:34'),
(17, '4073', 'AUXILIAR GENERAL CORRESPONDENCIA', 6, '2018-12-23 06:26:08', '2018-12-23 06:26:08'),
(18, '4074', 'AUXILIAR ADMINISTRATIVO RR HH', 6, '2018-12-23 06:26:36', '2018-12-23 06:26:36'),
(19, '0219', 'PROFESIONAL UNIVERSITARIO LABORATORIO', 6, '2018-12-23 06:27:08', '2018-12-23 06:27:08'),
(20, '4075', 'AUXILIAR ADMINISTRATIVO CONTABILIDAD', 6, '2018-12-23 06:27:58', '2018-12-23 06:27:58'),
(21, '00902', 'SUBGERENTE ADMINISTRATIVO Y COMERCIAL', 6, '2018-12-23 06:28:31', '2018-12-23 06:28:31');

-- --------------------------------------------------------

--
-- Estructura de tabla para la tabla `ciudades`
--

CREATE TABLE `ciudades` (
  `id` int(10) UNSIGNED NOT NULL,
  `codigo` varchar(10) COLLATE utf8mb4_unicode_ci NOT NULL,
  `nombre` varchar(100) COLLATE utf8mb4_unicode_ci NOT NULL,
  `departamento_id` int(10) UNSIGNED NOT NULL,
  `created_at` timestamp NULL DEFAULT NULL,
  `updated_at` timestamp NULL DEFAULT NULL
) ENGINE=InnoDB DEFAULT CHARSET=utf8mb4 COLLATE=utf8mb4_unicode_ci;

--
-- Volcado de datos para la tabla `ciudades`
--

INSERT INTO `ciudades` (`id`, `codigo`, `nombre`, `departamento_id`, `created_at`, `updated_at`) VALUES
(273, '5001', 'MEDELLIN ', 1, NULL, NULL),
(274, '5002', 'ABEJORRAL ', 1, NULL, NULL),
(275, '5004', 'ABRIAQUI ', 1, NULL, NULL),
(276, '5021', 'ALEJANDRIA ', 1, NULL, NULL),
(277, '5030', 'AMAGA ', 1, NULL, NULL),
(278, '5031', 'AMALFI ', 1, NULL, NULL),
(279, '5034', 'ANDES ', 1, NULL, NULL),
(280, '5036', 'ANGELOPOLIS ', 1, NULL, NULL),
(281, '5038', 'ANGOSTURA ', 1, NULL, NULL),
(282, '5040', 'ANORI ', 1, NULL, NULL),
(283, '5042', 'SANTAFE DE ANTIOQUIA ', 1, NULL, NULL),
(284, '5044', 'ANZA ', 1, NULL, NULL),
(285, '5045', 'APARTADO ', 1, NULL, NULL),
(286, '5051', 'ARBOLETES ', 1, NULL, NULL),
(287, '5055', 'ARGELIA ', 1, NULL, NULL),
(288, '5059', 'ARMENIA ', 1, NULL, NULL),
(289, '5079', 'BARBOSA ', 1, NULL, NULL),
(290, '5086', 'BELMIRA ', 1, NULL, NULL),
(291, '5088', 'BELLO ', 1, NULL, NULL),
(292, '5091', 'BETANIA ', 1, NULL, NULL),
(293, '5093', 'BETULIA ', 1, NULL, NULL),
(294, '5101', 'CIUDAD BOLIVAR ', 1, NULL, NULL),
(295, '5107', 'BRICEÑO ', 1, NULL, NULL),
(296, '5113', 'BURITICA ', 1, NULL, NULL),
(297, '5120', 'CACERES ', 1, NULL, NULL),
(298, '5125', 'CAICEDO ', 1, NULL, NULL),
(299, '5129', 'CALDAS ', 1, NULL, NULL),
(300, '5134', 'CAMPAMENTO ', 1, NULL, NULL),
(301, '5138', 'CAÑASGORDAS ', 1, NULL, NULL),
(302, '5142', 'CARACOLI ', 1, NULL, NULL),
(303, '5145', 'CARAMANTA ', 1, NULL, NULL),
(304, '5147', 'CAREPA ', 1, NULL, NULL),
(305, '5148', 'EL CARMEN DE VIBORAL ', 1, NULL, NULL),
(306, '5150', 'CAROLINA ', 1, NULL, NULL),
(307, '5154', 'CAUCASIA ', 1, NULL, NULL),
(308, '5172', 'CHIGORODO ', 1, NULL, NULL),
(309, '5190', 'CISNEROS ', 1, NULL, NULL),
(310, '5197', 'COCORNA ', 1, NULL, NULL),
(311, '5206', 'CONCEPCION ', 1, NULL, NULL),
(312, '5209', 'CONCORDIA ', 1, NULL, NULL),
(313, '5212', 'COPACABANA ', 1, NULL, NULL),
(314, '5234', 'DABEIBA ', 1, NULL, NULL),
(315, '5237', 'DON MATIAS ', 1, NULL, NULL),
(316, '5240', 'EBEJICO ', 1, NULL, NULL),
(317, '5250', 'EL BAGRE ', 1, NULL, NULL),
(318, '5264', 'ENTRERRIOS ', 1, NULL, NULL),
(319, '5266', 'ENVIGADO ', 1, NULL, NULL),
(320, '5282', 'FREDONIA ', 1, NULL, NULL),
(321, '5284', 'FRONTINO ', 1, NULL, NULL),
(322, '5306', 'GIRALDO ', 1, NULL, NULL),
(323, '5308', 'GIRARDOTA ', 1, NULL, NULL),
(324, '5310', 'GOMEZ PLATA ', 1, NULL, NULL),
(325, '5313', 'GRANADA ', 1, NULL, NULL),
(326, '5315', 'GUADALUPE ', 1, NULL, NULL),
(327, '5318', 'GUARNE ', 1, NULL, NULL),
(328, '5321', 'GUATAPE ', 1, NULL, NULL),
(329, '5347', 'HELICONIA ', 1, NULL, NULL),
(330, '5353', 'HISPANIA ', 1, NULL, NULL),
(331, '5360', 'ITAGUI ', 1, NULL, NULL),
(332, '5361', 'ITUANGO ', 1, NULL, NULL),
(333, '5364', 'JARDIN ', 1, NULL, NULL),
(334, '5368', 'JERICO ', 1, NULL, NULL),
(335, '5376', 'LA CEJA ', 1, NULL, NULL),
(336, '5380', 'LA ESTRELLA ', 1, NULL, NULL),
(337, '5390', 'LA PINTADA ', 1, NULL, NULL),
(338, '5400', 'LA UNION ', 1, NULL, NULL),
(339, '5411', 'LIBORINA ', 1, NULL, NULL),
(340, '5425', 'MACEO ', 1, NULL, NULL),
(341, '5440', 'MARINILLA ', 1, NULL, NULL),
(342, '5467', 'MONTEBELLO ', 1, NULL, NULL),
(343, '5475', 'MURINDO ', 1, NULL, NULL),
(344, '5480', 'MUTATA ', 1, NULL, NULL),
(345, '5483', 'NARIÑO ', 1, NULL, NULL),
(346, '5490', 'NECOCLI ', 1, NULL, NULL),
(347, '5495', 'NECHI ', 1, NULL, NULL),
(348, '5501', 'OLAYA ', 1, NULL, NULL),
(349, '5541', 'PEÐOL ', 1, NULL, NULL),
(350, '5543', 'PEQUE ', 1, NULL, NULL),
(351, '5576', 'PUEBLORRICO ', 1, NULL, NULL),
(352, '5579', 'PUERTO BERRIO ', 1, NULL, NULL),
(353, '5585', 'PUERTO NARE ', 1, NULL, NULL),
(354, '5591', 'PUERTO TRIUNFO ', 1, NULL, NULL),
(355, '5604', 'REMEDIOS ', 1, NULL, NULL),
(356, '5607', 'RETIRO ', 1, NULL, NULL),
(357, '5615', 'RIONEGRO ', 1, NULL, NULL),
(358, '5628', 'SABANALARGA ', 1, NULL, NULL),
(359, '5631', 'SABANETA ', 1, NULL, NULL),
(360, '5642', 'SALGAR ', 1, NULL, NULL),
(361, '5647', 'SAN ANDRES DE CUERQUIA ', 1, NULL, NULL),
(362, '5649', 'SAN CARLOS ', 1, NULL, NULL),
(363, '5652', 'SAN FRANCISCO ', 1, NULL, NULL),
(364, '5656', 'SAN JERONIMO ', 1, NULL, NULL),
(365, '5658', 'SAN JOSE DE LA MONTAÑA ', 1, NULL, NULL),
(366, '5659', 'SAN JUAN DE URABA ', 1, NULL, NULL),
(367, '5660', 'SAN LUIS ', 1, NULL, NULL),
(368, '5664', 'SAN PEDRO ', 1, NULL, NULL),
(369, '5665', 'SAN PEDRO DE URABA ', 1, NULL, NULL),
(370, '5667', 'SAN RAFAEL ', 1, NULL, NULL),
(371, '5670', 'SAN ROQUE ', 1, NULL, NULL),
(372, '5674', 'SAN VICENTE ', 1, NULL, NULL),
(373, '5679', 'SANTA BARBARA ', 1, NULL, NULL),
(374, '5686', 'SANTA ROSA DE OSOS ', 1, NULL, NULL),
(375, '5690', 'SANTO DOMINGO ', 1, NULL, NULL),
(376, '5697', 'EL SANTUARIO ', 1, NULL, NULL),
(377, '5736', 'SEGOVIA ', 1, NULL, NULL),
(378, '5756', 'SONSON ', 1, NULL, NULL),
(379, '5761', 'SOPETRAN ', 1, NULL, NULL),
(380, '5789', 'TAMESIS ', 1, NULL, NULL),
(381, '5790', 'TARAZA ', 1, NULL, NULL),
(382, '5792', 'TARSO ', 1, NULL, NULL),
(383, '5809', 'TITIRIBI ', 1, NULL, NULL),
(384, '5819', 'TOLEDO ', 1, NULL, NULL),
(385, '5837', 'TURBO ', 1, NULL, NULL),
(386, '5842', 'URAMITA ', 1, NULL, NULL),
(387, '5847', 'URRAO ', 1, NULL, NULL),
(388, '5854', 'VALDIVIA ', 1, NULL, NULL),
(389, '5856', 'VALPARAISO ', 1, NULL, NULL),
(390, '5858', 'VEGACHI ', 1, NULL, NULL),
(391, '5861', 'VENECIA ', 1, NULL, NULL),
(392, '5873', 'VIGIA DEL FUERTE ', 1, NULL, NULL),
(393, '5885', 'YALI ', 1, NULL, NULL),
(394, '5887', 'YARUMAL ', 1, NULL, NULL),
(395, '5890', 'YOLOMBO ', 1, NULL, NULL),
(396, '5893', 'YONDO ', 1, NULL, NULL),
(397, '5895', 'ZARAGOZA ', 1, NULL, NULL),
(398, '8001', 'BARRANQUILLA ', 2, NULL, NULL),
(399, '8078', 'BARANOA ', 2, NULL, NULL),
(400, '8137', 'CAMPO DE LA CRUZ ', 2, NULL, NULL),
(401, '8141', 'CANDELARIA ', 2, NULL, NULL),
(402, '8296', 'GALAPA ', 2, NULL, NULL),
(403, '8372', 'JUAN DE ACOSTA ', 2, NULL, NULL),
(404, '8421', 'LURUACO ', 2, NULL, NULL),
(405, '8433', 'MALAMBO ', 2, NULL, NULL),
(406, '8436', 'MANATI ', 2, NULL, NULL),
(407, '8520', 'PALMAR DE VARELA ', 2, NULL, NULL),
(408, '8549', 'PIOJO ', 2, NULL, NULL),
(409, '8558', 'POLONUEVO ', 2, NULL, NULL),
(410, '8560', 'PONEDERA ', 2, NULL, NULL),
(411, '8573', 'PUERTO COLOMBIA ', 2, NULL, NULL),
(412, '8606', 'REPELON ', 2, NULL, NULL),
(413, '8634', 'SABANAGRANDE ', 2, NULL, NULL),
(414, '8638', 'SABANALARGA ', 2, NULL, NULL),
(415, '8675', 'SANTA LUCIA ', 2, NULL, NULL),
(416, '8685', 'SANTO TOMAS ', 2, NULL, NULL),
(417, '8758', 'SOLEDAD ', 2, NULL, NULL),
(418, '8770', 'SUAN ', 2, NULL, NULL),
(419, '8832', 'TUBARA ', 2, NULL, NULL),
(420, '8849', 'USIACURI ', 2, NULL, NULL),
(421, '11001', 'BOGOTA, D.C. ', 3, NULL, NULL),
(422, '13001', 'CARTAGENA ', 4, NULL, NULL),
(423, '13006', 'ACHI ', 4, NULL, NULL),
(424, '13030', 'ALTOS DEL ROSARIO ', 4, NULL, NULL),
(425, '13042', 'ARENAL ', 4, NULL, NULL),
(426, '13052', 'ARJONA ', 4, NULL, NULL),
(427, '13062', 'ARROYOHONDO ', 4, NULL, NULL),
(428, '13074', 'BARRANCO DE LOBA ', 4, NULL, NULL),
(429, '13140', 'CALAMAR ', 4, NULL, NULL),
(430, '13160', 'CANTAGALLO ', 4, NULL, NULL),
(431, '13188', 'CICUCO ', 4, NULL, NULL),
(432, '13212', 'CORDOBA ', 4, NULL, NULL),
(433, '13222', 'CLEMENCIA ', 4, NULL, NULL),
(434, '13244', 'EL CARMEN DE BOLIVAR ', 4, NULL, NULL),
(435, '13248', 'EL GUAMO ', 4, NULL, NULL),
(436, '13268', 'EL PEÑON ', 4, NULL, NULL),
(437, '13300', 'HATILLO DE LOBA ', 4, NULL, NULL),
(438, '13430', 'MAGANGUE ', 4, NULL, NULL),
(439, '13433', 'MAHATES ', 4, NULL, NULL),
(440, '13440', 'MARGARITA ', 4, NULL, NULL),
(441, '13442', 'MARIA LA BAJA ', 4, NULL, NULL),
(442, '13458', 'MONTECRISTO ', 4, NULL, NULL),
(443, '13468', 'MOMPOS ', 4, NULL, NULL),
(444, '13490', 'NOROSI ', 4, NULL, NULL),
(445, '13473', 'MORALES ', 4, NULL, NULL),
(446, '13549', 'PINILLOS ', 4, NULL, NULL),
(447, '13580', 'REGIDOR ', 4, NULL, NULL),
(448, '13600', 'RIO VIEJO ', 4, NULL, NULL),
(449, '13620', 'SAN CRISTOBAL ', 4, NULL, NULL),
(450, '13647', 'SAN ESTANISLAO ', 4, NULL, NULL),
(451, '13650', 'SAN FERNANDO ', 4, NULL, NULL),
(452, '13654', 'SAN JACINTO ', 4, NULL, NULL),
(453, '13655', 'SAN JACINTO DEL CAUCA ', 4, NULL, NULL),
(454, '13657', 'SAN JUAN NEPOMUCENO ', 4, NULL, NULL),
(455, '13667', 'SAN MARTIN DE LOBA ', 4, NULL, NULL),
(456, '13670', 'SAN PABLO ', 4, NULL, NULL),
(457, '13673', 'SANTA CATALINA ', 4, NULL, NULL),
(458, '13683', 'SANTA ROSA ', 4, NULL, NULL),
(459, '13688', 'SANTA ROSA DEL SUR ', 4, NULL, NULL),
(460, '13744', 'SIMITI ', 4, NULL, NULL),
(461, '13760', 'SOPLAVIENTO ', 4, NULL, NULL),
(462, '13780', 'TALAIGUA NUEVO ', 4, NULL, NULL),
(463, '13810', 'TIQUISIO ', 4, NULL, NULL),
(464, '13836', 'TURBACO ', 4, NULL, NULL),
(465, '13838', 'TURBANA ', 4, NULL, NULL),
(466, '13873', 'VILLANUEVA ', 4, NULL, NULL),
(467, '13894', 'ZAMBRANO ', 4, NULL, NULL),
(468, '15001', 'TUNJA ', 5, NULL, NULL),
(469, '15022', 'ALMEIDA ', 5, NULL, NULL),
(470, '15047', 'AQUITANIA ', 5, NULL, NULL),
(471, '15051', 'ARCABUCO ', 5, NULL, NULL),
(472, '15087', 'BELEN ', 5, NULL, NULL),
(473, '15090', 'BERBEO ', 5, NULL, NULL),
(474, '15092', 'BETEITIVA ', 5, NULL, NULL),
(475, '15097', 'BOAVITA ', 5, NULL, NULL),
(476, '15104', 'BOYACA ', 5, NULL, NULL),
(477, '15106', 'BRICEÑO ', 5, NULL, NULL),
(478, '15109', 'BUENAVISTA ', 5, NULL, NULL),
(479, '15114', 'BUSBANZA ', 5, NULL, NULL),
(480, '15131', 'CALDAS ', 5, NULL, NULL),
(481, '15135', 'CAMPOHERMOSO ', 5, NULL, NULL),
(482, '15162', 'CERINZA ', 5, NULL, NULL),
(483, '15172', 'CHINAVITA ', 5, NULL, NULL),
(484, '15176', 'CHIQUINQUIRA ', 5, NULL, NULL),
(485, '15180', 'CHISCAS ', 5, NULL, NULL),
(486, '15183', 'CHITA ', 5, NULL, NULL),
(487, '15185', 'CHITARAQUE ', 5, NULL, NULL),
(488, '15187', 'CHIVATA ', 5, NULL, NULL),
(489, '15189', 'CIENEGA ', 5, NULL, NULL),
(490, '15204', 'COMBITA ', 5, NULL, NULL),
(491, '15212', 'COPER ', 5, NULL, NULL),
(492, '15215', 'CORRALES ', 5, NULL, NULL),
(493, '15218', 'COVARACHIA ', 5, NULL, NULL),
(494, '15223', 'CUBARA ', 5, NULL, NULL),
(495, '15224', 'CUCAITA ', 5, NULL, NULL),
(496, '15226', 'CUITIVA ', 5, NULL, NULL),
(497, '15232', 'CHIQUIZA ', 5, NULL, NULL),
(498, '15236', 'CHIVOR ', 5, NULL, NULL),
(499, '15238', 'DUITAMA ', 5, NULL, NULL),
(500, '15244', 'EL COCUY ', 5, NULL, NULL),
(501, '15248', 'EL ESPINO ', 5, NULL, NULL),
(502, '15272', 'FIRAVITOBA ', 5, NULL, NULL),
(503, '15276', 'FLORESTA ', 5, NULL, NULL),
(504, '15293', 'GACHANTIVA ', 5, NULL, NULL),
(505, '15296', 'GAMEZA ', 5, NULL, NULL),
(506, '15299', 'GARAGOA ', 5, NULL, NULL),
(507, '15317', 'GUACAMAYAS ', 5, NULL, NULL),
(508, '15322', 'GUATEQUE ', 5, NULL, NULL),
(509, '15325', 'GUAYATA ', 5, NULL, NULL),
(510, '15332', 'GsICAN ', 5, NULL, NULL),
(511, '15362', 'IZA ', 5, NULL, NULL),
(512, '15367', 'JENESANO ', 5, NULL, NULL),
(513, '15368', 'JERICO ', 5, NULL, NULL),
(514, '15377', 'LABRANZAGRANDE ', 5, NULL, NULL),
(515, '15380', 'LA CAPILLA ', 5, NULL, NULL),
(516, '15401', 'LA VICTORIA ', 5, NULL, NULL),
(517, '15403', 'LA UVITA ', 5, NULL, NULL),
(518, '15407', 'VILLA DE LEYVA ', 5, NULL, NULL),
(519, '15425', 'MACANAL ', 5, NULL, NULL),
(520, '15442', 'MARIPI ', 5, NULL, NULL),
(521, '15455', 'MIRAFLORES ', 5, NULL, NULL),
(522, '15464', 'MONGUA ', 5, NULL, NULL),
(523, '15466', 'MONGUI ', 5, NULL, NULL),
(524, '15469', 'MONIQUIRA ', 5, NULL, NULL),
(525, '15476', 'MOTAVITA ', 5, NULL, NULL),
(526, '15480', 'MUZO ', 5, NULL, NULL),
(527, '15491', 'NOBSA ', 5, NULL, NULL),
(528, '15494', 'NUEVO COLON ', 5, NULL, NULL),
(529, '15500', 'OICATA ', 5, NULL, NULL),
(530, '15507', 'OTANCHE ', 5, NULL, NULL),
(531, '15511', 'PACHAVITA ', 5, NULL, NULL),
(532, '15514', 'PAEZ ', 5, NULL, NULL),
(533, '15516', 'PAIPA ', 5, NULL, NULL),
(534, '15518', 'PAJARITO ', 5, NULL, NULL),
(535, '15522', 'PANQUEBA ', 5, NULL, NULL),
(536, '15531', 'PAUNA ', 5, NULL, NULL),
(537, '15533', 'PAYA ', 5, NULL, NULL),
(538, '15537', 'PAZ DE RIO ', 5, NULL, NULL),
(539, '15542', 'PESCA ', 5, NULL, NULL),
(540, '15550', 'PISBA ', 5, NULL, NULL),
(541, '15572', 'PUERTO BOYACA ', 5, NULL, NULL),
(542, '15580', 'QUIPAMA ', 5, NULL, NULL),
(543, '15599', 'RAMIRIQUI ', 5, NULL, NULL),
(544, '15600', 'RAQUIRA ', 5, NULL, NULL),
(545, '15621', 'RONDON ', 5, NULL, NULL),
(546, '15632', 'SABOYA ', 5, NULL, NULL),
(547, '15638', 'SACHICA ', 5, NULL, NULL),
(548, '15646', 'SAMACA ', 5, NULL, NULL),
(549, '15660', 'SAN EDUARDO ', 5, NULL, NULL),
(550, '15664', 'SAN JOSE DE PARE ', 5, NULL, NULL),
(551, '15667', 'SAN LUIS DE GACENO ', 5, NULL, NULL),
(552, '15673', 'SAN MATEO ', 5, NULL, NULL),
(553, '15676', 'SAN MIGUEL DE SEMA ', 5, NULL, NULL),
(554, '15681', 'SAN PABLO DE BORBUR ', 5, NULL, NULL),
(555, '15686', 'SANTANA ', 5, NULL, NULL),
(556, '15690', 'SANTA MARIA ', 5, NULL, NULL),
(557, '15693', 'SANTA ROSA DE VITERBO ', 5, NULL, NULL),
(558, '15696', 'SANTA SOFIA ', 5, NULL, NULL),
(559, '15720', 'SATIVANORTE ', 5, NULL, NULL),
(560, '15723', 'SATIVASUR ', 5, NULL, NULL),
(561, '15740', 'SIACHOQUE ', 5, NULL, NULL),
(562, '15753', 'SOATA ', 5, NULL, NULL),
(563, '15755', 'SOCOTA ', 5, NULL, NULL),
(564, '15757', 'SOCHA ', 5, NULL, NULL),
(565, '15759', 'SOGAMOSO ', 5, NULL, NULL),
(566, '15761', 'SOMONDOCO ', 5, NULL, NULL),
(567, '15762', 'SORA ', 5, NULL, NULL),
(568, '15763', 'SOTAQUIRA ', 5, NULL, NULL),
(569, '15764', 'SORACA ', 5, NULL, NULL),
(570, '15774', 'SUSACON ', 5, NULL, NULL),
(571, '15776', 'SUTAMARCHAN ', 5, NULL, NULL),
(572, '15778', 'SUTATENZA ', 5, NULL, NULL),
(573, '15790', 'TASCO ', 5, NULL, NULL),
(574, '15798', 'TENZA ', 5, NULL, NULL),
(575, '15804', 'TIBANA ', 5, NULL, NULL),
(576, '15806', 'TIBASOSA ', 5, NULL, NULL),
(577, '15808', 'TINJACA ', 5, NULL, NULL),
(578, '15810', 'TIPACOQUE ', 5, NULL, NULL),
(579, '15814', 'TOCA ', 5, NULL, NULL),
(580, '15816', 'TOGsI ', 5, NULL, NULL),
(581, '15820', 'TOPAGA ', 5, NULL, NULL),
(582, '15822', 'TOTA ', 5, NULL, NULL),
(583, '15832', 'TUNUNGUA ', 5, NULL, NULL),
(584, '15835', 'TURMEQUE ', 5, NULL, NULL),
(585, '15837', 'TUTA ', 5, NULL, NULL),
(586, '15839', 'TUTAZA ', 5, NULL, NULL),
(587, '15842', 'UMBITA ', 5, NULL, NULL),
(588, '15861', 'VENTAQUEMADA ', 5, NULL, NULL),
(589, '15879', 'VIRACACHA ', 5, NULL, NULL),
(590, '15897', 'ZETAQUIRA ', 5, NULL, NULL),
(591, '17001', 'MANIZALES ', 6, NULL, NULL),
(592, '17013', 'AGUADAS ', 6, NULL, NULL),
(593, '17042', 'ANSERMA ', 6, NULL, NULL),
(594, '17050', 'ARANZAZU ', 6, NULL, NULL),
(595, '17088', 'BELALCAZAR ', 6, NULL, NULL),
(596, '17174', 'CHINCHINA ', 6, NULL, NULL),
(597, '17272', 'FILADELFIA ', 6, NULL, NULL),
(598, '17380', 'LA DORADA ', 6, NULL, NULL),
(599, '17388', 'LA MERCED ', 6, NULL, NULL),
(600, '17433', 'MANZANARES ', 6, NULL, NULL),
(601, '17442', 'MARMATO ', 6, NULL, NULL),
(602, '17444', 'MARQUETALIA ', 6, NULL, NULL),
(603, '17446', 'MARULANDA ', 6, NULL, NULL),
(604, '17486', 'NEIRA ', 6, NULL, NULL),
(605, '17495', 'NORCASIA ', 6, NULL, NULL),
(606, '17513', 'PACORA ', 6, NULL, NULL),
(607, '17524', 'PALESTINA ', 6, NULL, NULL),
(608, '17541', 'PENSILVANIA ', 6, NULL, NULL),
(609, '17614', 'RIOSUCIO ', 6, NULL, NULL),
(610, '17616', 'RISARALDA ', 6, NULL, NULL),
(611, '17653', 'SALAMINA ', 6, NULL, NULL),
(612, '17662', 'SAMANA ', 6, NULL, NULL),
(613, '17665', 'SAN JOSE ', 6, NULL, NULL),
(614, '17777', 'SUPIA ', 6, NULL, NULL),
(615, '17867', 'VICTORIA ', 6, NULL, NULL),
(616, '17873', 'VILLAMARIA ', 6, NULL, NULL),
(617, '17877', 'VITERBO ', 6, NULL, NULL),
(618, '18001', 'FLORENCIA ', 7, NULL, NULL),
(619, '18029', 'ALBANIA ', 7, NULL, NULL),
(620, '18094', 'BELEN DE LOS ANDAQUIES ', 7, NULL, NULL),
(621, '18150', 'CARTAGENA DEL CHAIRA ', 7, NULL, NULL),
(622, '18205', 'CURILLO ', 7, NULL, NULL),
(623, '18247', 'EL DONCELLO ', 7, NULL, NULL),
(624, '18256', 'EL PAUJIL ', 7, NULL, NULL),
(625, '18410', 'LA MONTAÑITA ', 7, NULL, NULL),
(626, '18460', 'MILAN ', 7, NULL, NULL),
(627, '18479', 'MORELIA ', 7, NULL, NULL),
(628, '18592', 'PUERTO RICO ', 7, NULL, NULL),
(629, '18610', 'SAN JOSE DEL FRAGUA ', 7, NULL, NULL),
(630, '18753', 'SAN VICENTE DEL CAGUAN ', 7, NULL, NULL),
(631, '18756', 'SOLANO ', 7, NULL, NULL),
(632, '18785', 'SOLITA ', 7, NULL, NULL),
(633, '18860', 'VALPARAISO ', 7, NULL, NULL),
(634, '19001', 'POPAYAN ', 8, NULL, NULL),
(635, '19022', 'ALMAGUER ', 8, NULL, NULL),
(636, '19050', 'ARGELIA ', 8, NULL, NULL),
(637, '19075', 'BALBOA ', 8, NULL, NULL),
(638, '19100', 'BOLIVAR ', 8, NULL, NULL),
(639, '19110', 'BUENOS AIRES ', 8, NULL, NULL),
(640, '19130', 'CAJIBIO ', 8, NULL, NULL),
(641, '19137', 'CALDONO ', 8, NULL, NULL),
(642, '19142', 'CALOTO ', 8, NULL, NULL),
(643, '19212', 'CORINTO ', 8, NULL, NULL),
(644, '19256', 'EL TAMBO ', 8, NULL, NULL),
(645, '19290', 'FLORENCIA ', 8, NULL, NULL),
(646, '19300', 'GUACHENE ', 8, NULL, NULL),
(647, '19318', 'GUAPI ', 8, NULL, NULL),
(648, '19355', 'INZA ', 8, NULL, NULL),
(649, '19364', 'JAMBALO ', 8, NULL, NULL),
(650, '19392', 'LA SIERRA ', 8, NULL, NULL),
(651, '19397', 'LA VEGA ', 8, NULL, NULL),
(652, '19418', 'LOPEZ ', 8, NULL, NULL),
(653, '19450', 'MERCADERES ', 8, NULL, NULL),
(654, '19455', 'MIRANDA ', 8, NULL, NULL),
(655, '19473', 'MORALES ', 8, NULL, NULL),
(656, '19513', 'PADILLA ', 8, NULL, NULL),
(657, '19517', 'PAEZ ', 8, NULL, NULL),
(658, '19532', 'PATIA ', 8, NULL, NULL),
(659, '19533', 'PIAMONTE ', 8, NULL, NULL),
(660, '19548', 'PIENDAMO ', 8, NULL, NULL),
(661, '19573', 'PUERTO TEJADA ', 8, NULL, NULL),
(662, '19585', 'PURACE ', 8, NULL, NULL),
(663, '19622', 'ROSAS ', 8, NULL, NULL),
(664, '19693', 'SAN SEBASTIAN ', 8, NULL, NULL),
(665, '19698', 'SANTANDER DE QUILICHAO ', 8, NULL, NULL),
(666, '19701', 'SANTA ROSA ', 8, NULL, NULL),
(667, '19743', 'SILVIA ', 8, NULL, NULL),
(668, '19760', 'SOTARA ', 8, NULL, NULL),
(669, '19780', 'SUAREZ ', 8, NULL, NULL),
(670, '19785', 'SUCRE ', 8, NULL, NULL),
(671, '19807', 'TIMBIO ', 8, NULL, NULL),
(672, '19809', 'TIMBIQUI ', 8, NULL, NULL),
(673, '19821', 'TORIBIO ', 8, NULL, NULL),
(674, '19824', 'TOTORO ', 8, NULL, NULL),
(675, '19845', 'VILLA RICA ', 8, NULL, NULL),
(676, '20001', 'VALLEDUPAR ', 9, NULL, NULL),
(677, '20011', 'AGUACHICA ', 9, NULL, NULL),
(678, '20013', 'AGUSTIN CODAZZI ', 9, NULL, NULL),
(679, '20032', 'ASTREA ', 9, NULL, NULL),
(680, '20045', 'BECERRIL ', 9, NULL, NULL),
(681, '20060', 'BOSCONIA ', 9, NULL, NULL),
(682, '20175', 'CHIMICHAGUA ', 9, NULL, NULL),
(683, '20178', 'CHIRIGUANA ', 9, NULL, NULL),
(684, '20228', 'CURUMANI ', 9, NULL, NULL),
(685, '20238', 'EL COPEY ', 9, NULL, NULL),
(686, '20250', 'EL PASO ', 9, NULL, NULL),
(687, '20295', 'GAMARRA ', 9, NULL, NULL),
(688, '20310', 'GONZALEZ ', 9, NULL, NULL),
(689, '20383', 'LA GLORIA ', 9, NULL, NULL),
(690, '20400', 'LA JAGUA DE IBIRICO ', 9, NULL, NULL),
(691, '20443', 'MANAURE ', 9, NULL, NULL),
(692, '20517', 'PAILITAS ', 9, NULL, NULL),
(693, '20550', 'PELAYA ', 9, NULL, NULL),
(694, '20570', 'PUEBLO BELLO ', 9, NULL, NULL),
(695, '20614', 'RIO DE ORO ', 9, NULL, NULL),
(696, '20621', 'LA PAZ ', 9, NULL, NULL),
(697, '20710', 'SAN ALBERTO ', 9, NULL, NULL),
(698, '20750', 'SAN DIEGO ', 9, NULL, NULL),
(699, '20770', 'SAN MARTIN ', 9, NULL, NULL),
(700, '20787', 'TAMALAMEQUE ', 9, NULL, NULL),
(701, '23001', 'MONTERIA ', 10, NULL, NULL),
(702, '23068', 'AYAPEL ', 10, NULL, NULL),
(703, '23079', 'BUENAVISTA ', 10, NULL, NULL),
(704, '23090', 'CANALETE ', 10, NULL, NULL),
(705, '23162', 'CERETE ', 10, NULL, NULL),
(706, '23168', 'CHIMA ', 10, NULL, NULL),
(707, '23182', 'CHINU ', 10, NULL, NULL),
(708, '23189', 'CIENAGA DE ORO ', 10, NULL, NULL),
(709, '23300', 'COTORRA ', 10, NULL, NULL),
(710, '23350', 'LA APARTADA ', 10, NULL, NULL),
(711, '23417', 'LORICA ', 10, NULL, NULL),
(712, '23419', 'LOS CORDOBAS ', 10, NULL, NULL),
(713, '23464', 'MOMIL ', 10, NULL, NULL),
(714, '23466', 'MONTELIBANO ', 10, NULL, NULL),
(715, '23500', 'MOÑITOS ', 10, NULL, NULL),
(716, '23555', 'PLANETA RICA ', 10, NULL, NULL),
(717, '23570', 'PUEBLO NUEVO ', 10, NULL, NULL),
(718, '23574', 'PUERTO ESCONDIDO ', 10, NULL, NULL),
(719, '23580', 'PUERTO LIBERTADOR ', 10, NULL, NULL),
(720, '23586', 'PURISIMA ', 10, NULL, NULL),
(721, '23660', 'SAHAGUN ', 10, NULL, NULL),
(722, '23670', 'SAN ANDRES SOTAVENTO ', 10, NULL, NULL),
(723, '23672', 'SAN ANTERO ', 10, NULL, NULL),
(724, '23675', 'SAN BERNARDO DEL VIENTO ', 10, NULL, NULL),
(725, '23678', 'SAN CARLOS ', 10, NULL, NULL),
(726, '23686', 'SAN PELAYO ', 10, NULL, NULL),
(727, '23807', 'TIERRALTA ', 10, NULL, NULL),
(728, '23855', 'VALENCIA ', 10, NULL, NULL),
(729, '25001', 'AGUA DE DIOS ', 11, NULL, NULL),
(730, '25019', 'ALBAN ', 11, NULL, NULL),
(731, '25035', 'ANAPOIMA ', 11, NULL, NULL),
(732, '25040', 'ANOLAIMA ', 11, NULL, NULL),
(733, '25053', 'ARBELAEZ ', 11, NULL, NULL),
(734, '25086', 'BELTRAN ', 11, NULL, NULL),
(735, '25095', 'BITUIMA ', 11, NULL, NULL),
(736, '25099', 'BOJACA ', 11, NULL, NULL),
(737, '25120', 'CABRERA ', 11, NULL, NULL),
(738, '25123', 'CACHIPAY ', 11, NULL, NULL),
(739, '25126', 'CAJICA ', 11, NULL, NULL),
(740, '25148', 'CAPARRAPI ', 11, NULL, NULL),
(741, '25151', 'CAQUEZA ', 11, NULL, NULL),
(742, '25154', 'CARMEN DE CARUPA ', 11, NULL, NULL),
(743, '25168', 'CHAGUANI ', 11, NULL, NULL),
(744, '25175', 'CHIA ', 11, NULL, NULL),
(745, '25178', 'CHIPAQUE ', 11, NULL, NULL),
(746, '25181', 'CHOACHI ', 11, NULL, NULL),
(747, '25183', 'CHOCONTA ', 11, NULL, NULL),
(748, '25200', 'COGUA ', 11, NULL, NULL),
(749, '25214', 'COTA ', 11, NULL, NULL),
(750, '25224', 'CUCUNUBA ', 11, NULL, NULL),
(751, '25245', 'EL COLEGIO ', 11, NULL, NULL),
(752, '25258', 'EL PEÑON ', 11, NULL, NULL),
(753, '25260', 'EL ROSAL ', 11, NULL, NULL),
(754, '25269', 'FACATATIVA ', 11, NULL, NULL),
(755, '25279', 'FOMEQUE ', 11, NULL, NULL),
(756, '25281', 'FOSCA ', 11, NULL, NULL),
(757, '25286', 'FUNZA ', 11, NULL, NULL),
(758, '25288', 'FUQUENE ', 11, NULL, NULL),
(759, '25290', 'FUSAGASUGA ', 11, NULL, NULL),
(760, '25293', 'GACHALA ', 11, NULL, NULL),
(761, '25295', 'GACHANCIPA ', 11, NULL, NULL),
(762, '25297', 'GACHETA ', 11, NULL, NULL),
(763, '25299', 'GAMA ', 11, NULL, NULL),
(764, '25307', 'GIRARDOT ', 11, NULL, NULL),
(765, '25312', 'GRANADA ', 11, NULL, NULL),
(766, '25317', 'GUACHETA ', 11, NULL, NULL),
(767, '25320', 'GUADUAS ', 11, NULL, NULL),
(768, '25322', 'GUASCA ', 11, NULL, NULL),
(769, '25324', 'GUATAQUI ', 11, NULL, NULL),
(770, '25326', 'GUATAVITA ', 11, NULL, NULL),
(771, '25328', 'GUAYABAL DE SIQUIMA ', 11, NULL, NULL),
(772, '25335', 'GUAYABETAL ', 11, NULL, NULL),
(773, '25339', 'GUTIERREZ ', 11, NULL, NULL),
(774, '25368', 'JERUSALEN ', 11, NULL, NULL),
(775, '25372', 'JUNIN ', 11, NULL, NULL),
(776, '25377', 'LA CALERA ', 11, NULL, NULL),
(777, '25386', 'LA MESA ', 11, NULL, NULL),
(778, '25394', 'LA PALMA ', 11, NULL, NULL),
(779, '25398', 'LA PEÑA ', 11, NULL, NULL),
(780, '25402', 'LA VEGA ', 11, NULL, NULL),
(781, '25407', 'LENGUAZAQUE ', 11, NULL, NULL),
(782, '25426', 'MACHETA ', 11, NULL, NULL),
(783, '25430', 'MADRID ', 11, NULL, NULL),
(784, '25436', 'MANTA ', 11, NULL, NULL),
(785, '25438', 'MEDINA ', 11, NULL, NULL),
(786, '25473', 'MOSQUERA ', 11, NULL, NULL),
(787, '25483', 'NARIÑO ', 11, NULL, NULL),
(788, '25486', 'NEMOCON ', 11, NULL, NULL),
(789, '25488', 'NILO ', 11, NULL, NULL),
(790, '25489', 'NIMAIMA ', 11, NULL, NULL),
(791, '25491', 'NOCAIMA ', 11, NULL, NULL),
(792, '25506', 'VENECIA ', 11, NULL, NULL),
(793, '25513', 'PACHO ', 11, NULL, NULL),
(794, '25518', 'PAIME ', 11, NULL, NULL),
(795, '25524', 'PANDI ', 11, NULL, NULL),
(796, '25530', 'PARATEBUENO ', 11, NULL, NULL),
(797, '25535', 'PASCA ', 11, NULL, NULL),
(798, '25572', 'PUERTO SALGAR ', 11, NULL, NULL),
(799, '25580', 'PULI ', 11, NULL, NULL),
(800, '25592', 'QUEBRADANEGRA ', 11, NULL, NULL),
(801, '25594', 'QUETAME ', 11, NULL, NULL),
(802, '25596', 'QUIPILE ', 11, NULL, NULL),
(803, '25599', 'APULO ', 11, NULL, NULL),
(804, '25612', 'RICAURTE ', 11, NULL, NULL),
(805, '25645', 'SAN ANTONIO DEL TEQUENDAMA ', 11, NULL, NULL),
(806, '25649', 'SAN BERNARDO ', 11, NULL, NULL),
(807, '25653', 'SAN CAYETANO ', 11, NULL, NULL),
(808, '25658', 'SAN FRANCISCO ', 11, NULL, NULL),
(809, '25662', 'SAN JUAN DE RIO SECO ', 11, NULL, NULL),
(810, '25718', 'SASAIMA ', 11, NULL, NULL),
(811, '25736', 'SESQUILE ', 11, NULL, NULL),
(812, '25740', 'SIBATE ', 11, NULL, NULL),
(813, '25743', 'SILVANIA ', 11, NULL, NULL),
(814, '25745', 'SIMIJACA ', 11, NULL, NULL),
(815, '25754', 'SOACHA ', 11, NULL, NULL),
(816, '25758', 'SOPO ', 11, NULL, NULL),
(817, '25769', 'SUBACHOQUE ', 11, NULL, NULL),
(818, '25772', 'SUESCA ', 11, NULL, NULL),
(819, '25777', 'SUPATA ', 11, NULL, NULL),
(820, '25779', 'SUSA ', 11, NULL, NULL),
(821, '25781', 'SUTATAUSA ', 11, NULL, NULL),
(822, '25785', 'TABIO ', 11, NULL, NULL),
(823, '25793', 'TAUSA ', 11, NULL, NULL),
(824, '25797', 'TENA ', 11, NULL, NULL),
(825, '25799', 'TENJO ', 11, NULL, NULL),
(826, '25805', 'TIBACUY ', 11, NULL, NULL),
(827, '25807', 'TIBIRITA ', 11, NULL, NULL),
(828, '25815', 'TOCAIMA ', 11, NULL, NULL),
(829, '25817', 'TOCANCIPA ', 11, NULL, NULL),
(830, '25823', 'TOPAIPI ', 11, NULL, NULL),
(831, '25839', 'UBALA ', 11, NULL, NULL),
(832, '25841', 'UBAQUE ', 11, NULL, NULL),
(833, '25843', 'VILLA DE SAN DIEGO DE UBATE ', 11, NULL, NULL),
(834, '25845', 'UNE ', 11, NULL, NULL),
(835, '25851', 'UTICA ', 11, NULL, NULL),
(836, '25862', 'VERGARA ', 11, NULL, NULL),
(837, '25867', 'VIANI ', 11, NULL, NULL),
(838, '25871', 'VILLAGOMEZ ', 11, NULL, NULL),
(839, '25873', 'VILLAPINZON ', 11, NULL, NULL),
(840, '25875', 'VILLETA ', 11, NULL, NULL),
(841, '25878', 'VIOTA ', 11, NULL, NULL),
(842, '25885', 'YACOPI ', 11, NULL, NULL),
(843, '25898', 'ZIPACON ', 11, NULL, NULL),
(844, '25899', 'ZIPAQUIRA ', 11, NULL, NULL),
(845, '27001', 'QUIBDO ', 12, NULL, NULL),
(846, '27006', 'ACANDI ', 12, NULL, NULL),
(847, '27025', 'ALTO BAUDO ', 12, NULL, NULL),
(848, '27050', 'ATRATO ', 12, NULL, NULL),
(849, '27073', 'BAGADO ', 12, NULL, NULL),
(850, '27075', 'BAHIA SOLANO ', 12, NULL, NULL),
(851, '27077', 'BAJO BAUDO ', 12, NULL, NULL),
(852, '27099', 'BOJAYA ', 12, NULL, NULL),
(853, '27135', 'EL CANTON DEL SAN PABLO ', 12, NULL, NULL),
(854, '27150', 'CARMEN DEL DARIEN ', 12, NULL, NULL),
(855, '27160', 'CERTEGUI ', 12, NULL, NULL),
(856, '27205', 'CONDOTO ', 12, NULL, NULL),
(857, '27245', 'EL CARMEN DE ATRATO ', 12, NULL, NULL),
(858, '27250', 'EL LITORAL DEL SAN JUAN ', 12, NULL, NULL),
(859, '27361', 'ISTMINA ', 12, NULL, NULL),
(860, '27372', 'JURADO ', 12, NULL, NULL),
(861, '27413', 'LLORO ', 12, NULL, NULL),
(862, '27425', 'MEDIO ATRATO ', 12, NULL, NULL),
(863, '27430', 'MEDIO BAUDO ', 12, NULL, NULL),
(864, '27450', 'MEDIO SAN JUAN ', 12, NULL, NULL),
(865, '27491', 'NOVITA ', 12, NULL, NULL),
(866, '27495', 'NUQUI ', 12, NULL, NULL),
(867, '27580', 'RIO IRO ', 12, NULL, NULL),
(868, '27600', 'RIO QUITO ', 12, NULL, NULL),
(869, '27615', 'RIOSUCIO ', 12, NULL, NULL),
(870, '27660', 'SAN JOSE DEL PALMAR ', 12, NULL, NULL),
(871, '27745', 'SIPI ', 12, NULL, NULL),
(872, '27787', 'TADO ', 12, NULL, NULL),
(873, '27800', 'UNGUIA ', 12, NULL, NULL),
(874, '27810', 'UNION PANAMERICANA ', 12, NULL, NULL),
(875, '41001', 'NEIVA ', 13, NULL, NULL),
(876, '41006', 'ACEVEDO ', 13, NULL, NULL),
(877, '41013', 'AGRADO ', 13, NULL, NULL),
(878, '41016', 'AIPE ', 13, NULL, NULL),
(879, '41020', 'ALGECIRAS ', 13, NULL, NULL),
(880, '41026', 'ALTAMIRA ', 13, NULL, NULL),
(881, '41078', 'BARAYA ', 13, NULL, NULL),
(882, '41132', 'CAMPOALEGRE ', 13, NULL, NULL),
(883, '41206', 'COLOMBIA ', 13, NULL, NULL),
(884, '41244', 'ELIAS ', 13, NULL, NULL),
(885, '41298', 'GARZON ', 13, NULL, NULL),
(886, '41306', 'GIGANTE ', 13, NULL, NULL),
(887, '41319', 'GUADALUPE ', 13, NULL, NULL),
(888, '41349', 'HOBO ', 13, NULL, NULL),
(889, '41357', 'IQUIRA ', 13, NULL, NULL),
(890, '41359', 'ISNOS ', 13, NULL, NULL),
(891, '41378', 'LA ARGENTINA ', 13, NULL, NULL),
(892, '41396', 'LA PLATA ', 13, NULL, NULL),
(893, '41483', 'NATAGA ', 13, NULL, NULL),
(894, '41503', 'OPORAPA ', 13, NULL, NULL),
(895, '41518', 'PAICOL ', 13, NULL, NULL),
(896, '41524', 'PALERMO ', 13, NULL, NULL),
(897, '41530', 'PALESTINA ', 13, NULL, NULL),
(898, '41548', 'PITAL ', 13, NULL, NULL),
(899, '41551', 'PITALITO ', 13, NULL, NULL),
(900, '41615', 'RIVERA ', 13, NULL, NULL),
(901, '41660', 'SALADOBLANCO ', 13, NULL, NULL),
(902, '41668', 'SAN AGUSTIN ', 13, NULL, NULL),
(903, '41676', 'SANTA MARIA ', 13, NULL, NULL),
(904, '41770', 'SUAZA ', 13, NULL, NULL),
(905, '41791', 'TARQUI ', 13, NULL, NULL),
(906, '41797', 'TESALIA ', 13, NULL, NULL),
(907, '41799', 'TELLO ', 13, NULL, NULL),
(908, '41801', 'TERUEL ', 13, NULL, NULL),
(909, '41807', 'TIMANA ', 13, NULL, NULL),
(910, '41872', 'VILLAVIEJA ', 13, NULL, NULL),
(911, '41885', 'YAGUARA ', 13, NULL, NULL),
(912, '44001', 'RIOHACHA ', 14, NULL, NULL),
(913, '44035', 'ALBANIA ', 14, NULL, NULL),
(914, '44078', 'BARRANCAS ', 14, NULL, NULL),
(915, '44090', 'DIBULLA ', 14, NULL, NULL),
(916, '44098', 'DISTRACCION ', 14, NULL, NULL),
(917, '44110', 'EL MOLINO ', 14, NULL, NULL),
(918, '44279', 'FONSECA ', 14, NULL, NULL),
(919, '44378', 'HATONUEVO ', 14, NULL, NULL),
(920, '44420', 'LA JAGUA DEL PILAR ', 14, NULL, NULL),
(921, '44430', 'MAICAO ', 14, NULL, NULL),
(922, '44560', 'MANAURE ', 14, NULL, NULL),
(923, '44650', 'SAN JUAN DEL CESAR ', 14, NULL, NULL),
(924, '44847', 'URIBIA ', 14, NULL, NULL),
(925, '44855', 'URUMITA ', 14, NULL, NULL),
(926, '44874', 'VILLANUEVA ', 14, NULL, NULL),
(927, '47001', 'SANTA MARTA ', 15, NULL, NULL),
(928, '47030', 'ALGARROBO ', 15, NULL, NULL),
(929, '47053', 'ARACATACA ', 15, NULL, NULL),
(930, '47058', 'ARIGUANI ', 15, NULL, NULL),
(931, '47161', 'CERRO SAN ANTONIO ', 15, NULL, NULL),
(932, '47170', 'CHIBOLO ', 15, NULL, NULL),
(933, '47189', 'CIENAGA ', 15, NULL, NULL),
(934, '47205', 'CONCORDIA ', 15, NULL, NULL),
(935, '47245', 'EL BANCO ', 15, NULL, NULL),
(936, '47258', 'EL PIÑON ', 15, NULL, NULL),
(937, '47268', 'EL RETEN ', 15, NULL, NULL),
(938, '47288', 'FUNDACION ', 15, NULL, NULL),
(939, '47318', 'GUAMAL ', 15, NULL, NULL),
(940, '47460', 'NUEVA GRANADA ', 15, NULL, NULL),
(941, '47541', 'PEDRAZA ', 15, NULL, NULL),
(942, '47545', 'PIJIÑO DEL CARMEN ', 15, NULL, NULL),
(943, '47551', 'PIVIJAY ', 15, NULL, NULL),
(944, '47555', 'PLATO ', 15, NULL, NULL),
(945, '47570', 'PUEBLOVIEJO ', 15, NULL, NULL),
(946, '47605', 'REMOLINO ', 15, NULL, NULL),
(947, '47660', 'SABANAS DE SAN ANGEL ', 15, NULL, NULL),
(948, '47675', 'SALAMINA ', 15, NULL, NULL),
(949, '47692', 'SAN SEBASTIAN DE BUENAVISTA ', 15, NULL, NULL),
(950, '47703', 'SAN ZENON ', 15, NULL, NULL),
(951, '47707', 'SANTA ANA ', 15, NULL, NULL),
(952, '47720', 'SANTA BARBARA DE PINTO ', 15, NULL, NULL),
(953, '47745', 'SITIONUEVO ', 15, NULL, NULL),
(954, '47798', 'TENERIFE ', 15, NULL, NULL),
(955, '47960', 'ZAPAYAN ', 15, NULL, NULL),
(956, '47980', 'ZONA BANANERA ', 15, NULL, NULL),
(957, '50001', 'VILLAVICENCIO ', 16, NULL, NULL),
(958, '50006', 'ACACIAS ', 16, NULL, NULL),
(959, '50110', 'BARRANCA DE UPIA ', 16, NULL, NULL),
(960, '50124', 'CABUYARO ', 16, NULL, NULL),
(961, '50150', 'CASTILLA LA NUEVA ', 16, NULL, NULL),
(962, '50223', 'CUBARRAL ', 16, NULL, NULL),
(963, '50226', 'CUMARAL ', 16, NULL, NULL),
(964, '50245', 'EL CALVARIO ', 16, NULL, NULL),
(965, '50251', 'EL CASTILLO ', 16, NULL, NULL),
(966, '50270', 'EL DORADO ', 16, NULL, NULL),
(967, '50287', 'FUENTE DE ORO ', 16, NULL, NULL),
(968, '50313', 'GRANADA ', 16, NULL, NULL),
(969, '50318', 'GUAMAL ', 16, NULL, NULL),
(970, '50325', 'MAPIRIPAN ', 16, NULL, NULL),
(971, '50330', 'MESETAS ', 16, NULL, NULL),
(972, '50350', 'LA MACARENA ', 16, NULL, NULL),
(973, '50370', 'URIBE ', 16, NULL, NULL),
(974, '50400', 'LEJANIAS ', 16, NULL, NULL),
(975, '50450', 'PUERTO CONCORDIA ', 16, NULL, NULL),
(976, '50568', 'PUERTO GAITAN ', 16, NULL, NULL),
(977, '50573', 'PUERTO LOPEZ ', 16, NULL, NULL),
(978, '50577', 'PUERTO LLERAS ', 16, NULL, NULL),
(979, '50590', 'PUERTO RICO ', 16, NULL, NULL),
(980, '50606', 'RESTREPO ', 16, NULL, NULL),
(981, '50680', 'SAN CARLOS DE GUAROA ', 16, NULL, NULL),
(982, '50683', 'SAN JUAN DE ARAMA ', 16, NULL, NULL),
(983, '50686', 'SAN JUANITO ', 16, NULL, NULL),
(984, '50689', 'SAN MARTIN ', 16, NULL, NULL),
(985, '50711', 'VISTAHERMOSA ', 16, NULL, NULL),
(986, '52001', 'PASTO ', 17, NULL, NULL),
(987, '52019', 'ALBAN ', 17, NULL, NULL),
(988, '52022', 'ALDANA ', 17, NULL, NULL),
(989, '52036', 'ANCUYA ', 17, NULL, NULL),
(990, '52051', 'ARBOLEDA ', 17, NULL, NULL),
(991, '52079', 'BARBACOAS ', 17, NULL, NULL),
(992, '52083', 'BELEN ', 17, NULL, NULL),
(993, '52110', 'BUESACO ', 17, NULL, NULL),
(994, '52203', 'COLON ', 17, NULL, NULL),
(995, '52207', 'CONSACA ', 17, NULL, NULL),
(996, '52210', 'CONTADERO ', 17, NULL, NULL),
(997, '52215', 'CORDOBA ', 17, NULL, NULL),
(998, '52224', 'CUASPUD ', 17, NULL, NULL),
(999, '52227', 'CUMBAL ', 17, NULL, NULL),
(1000, '52233', 'CUMBITARA ', 17, NULL, NULL),
(1001, '52240', 'CHACHAGsI ', 17, NULL, NULL),
(1002, '52250', 'EL CHARCO ', 17, NULL, NULL),
(1003, '52254', 'EL PEÑOL ', 17, NULL, NULL),
(1004, '52256', 'EL ROSARIO ', 17, NULL, NULL),
(1005, '52258', 'EL TABLON DE GOMEZ ', 17, NULL, NULL),
(1006, '52260', 'EL TAMBO ', 17, NULL, NULL),
(1007, '52287', 'FUNES ', 17, NULL, NULL),
(1008, '52317', 'GUACHUCAL ', 17, NULL, NULL),
(1009, '52320', 'GUAITARILLA ', 17, NULL, NULL),
(1010, '52323', 'GUALMATAN ', 17, NULL, NULL),
(1011, '52352', 'ILES ', 17, NULL, NULL),
(1012, '52354', 'IMUES ', 17, NULL, NULL),
(1013, '52356', 'IPIALES ', 17, NULL, NULL),
(1014, '52378', 'LA CRUZ ', 17, NULL, NULL),
(1015, '52381', 'LA FLORIDA ', 17, NULL, NULL),
(1016, '52385', 'LA LLANADA ', 17, NULL, NULL),
(1017, '52390', 'LA TOLA ', 17, NULL, NULL),
(1018, '52399', 'LA UNION ', 17, NULL, NULL),
(1019, '52405', 'LEIVA ', 17, NULL, NULL),
(1020, '52411', 'LINARES ', 17, NULL, NULL),
(1021, '52418', 'LOS ANDES ', 17, NULL, NULL),
(1022, '52427', 'MAGsI ', 17, NULL, NULL),
(1023, '52435', 'MALLAMA ', 17, NULL, NULL),
(1024, '52473', 'MOSQUERA ', 17, NULL, NULL),
(1025, '52480', 'NARIÑO ', 17, NULL, NULL),
(1026, '52490', 'OLAYA HERRERA ', 17, NULL, NULL),
(1027, '52506', 'OSPINA ', 17, NULL, NULL),
(1028, '52520', 'FRANCISCO PIZARRO ', 17, NULL, NULL),
(1029, '52540', 'POLICARPA ', 17, NULL, NULL),
(1030, '52560', 'POTOSI ', 17, NULL, NULL),
(1031, '52565', 'PROVIDENCIA ', 17, NULL, NULL),
(1032, '52573', 'PUERRES ', 17, NULL, NULL),
(1033, '52585', 'PUPIALES ', 17, NULL, NULL),
(1034, '52612', 'RICAURTE ', 17, NULL, NULL),
(1035, '52621', 'ROBERTO PAYAN ', 17, NULL, NULL),
(1036, '52678', 'SAMANIEGO ', 17, NULL, NULL),
(1037, '52683', 'SANDONA ', 17, NULL, NULL),
(1038, '52685', 'SAN BERNARDO ', 17, NULL, NULL),
(1039, '52687', 'SAN LORENZO ', 17, NULL, NULL),
(1040, '52693', 'SAN PABLO ', 17, NULL, NULL),
(1041, '52694', 'SAN PEDRO DE CARTAGO ', 17, NULL, NULL),
(1042, '52696', 'SANTA BARBARA ', 17, NULL, NULL),
(1043, '52699', 'SANTACRUZ ', 17, NULL, NULL),
(1044, '52720', 'SAPUYES ', 17, NULL, NULL),
(1045, '52786', 'TAMINANGO ', 17, NULL, NULL),
(1046, '52788', 'TANGUA ', 17, NULL, NULL),
(1047, '52835', 'SAN ANDRES DE TUMACO ', 17, NULL, NULL),
(1048, '52838', 'TUQUERRES ', 17, NULL, NULL),
(1049, '52885', 'YACUANQUER ', 17, NULL, NULL),
(1050, '54001', 'CUCUTA ', 18, NULL, NULL),
(1051, '54003', 'ABREGO ', 18, NULL, NULL),
(1052, '54051', 'ARBOLEDAS ', 18, NULL, NULL),
(1053, '54099', 'BOCHALEMA ', 18, NULL, NULL),
(1054, '54109', 'BUCARASICA ', 18, NULL, NULL),
(1055, '54125', 'CACOTA ', 18, NULL, NULL),
(1056, '54128', 'CACHIRA ', 18, NULL, NULL),
(1057, '54172', 'CHINACOTA ', 18, NULL, NULL),
(1058, '54174', 'CHITAGA ', 18, NULL, NULL),
(1059, '54206', 'CONVENCION ', 18, NULL, NULL),
(1060, '54223', 'CUCUTILLA ', 18, NULL, NULL),
(1061, '54239', 'DURANIA ', 18, NULL, NULL),
(1062, '54245', 'EL CARMEN ', 18, NULL, NULL),
(1063, '54250', 'EL TARRA ', 18, NULL, NULL),
(1064, '54261', 'EL ZULIA ', 18, NULL, NULL),
(1065, '54313', 'GRAMALOTE ', 18, NULL, NULL),
(1066, '54344', 'HACARI ', 18, NULL, NULL),
(1067, '54347', 'HERRAN ', 18, NULL, NULL),
(1068, '54377', 'LABATECA ', 18, NULL, NULL),
(1069, '54385', 'LA ESPERANZA ', 18, NULL, NULL),
(1070, '54398', 'LA PLAYA ', 18, NULL, NULL),
(1071, '54405', 'LOS PATIOS ', 18, NULL, NULL),
(1072, '54418', 'LOURDES ', 18, NULL, NULL),
(1073, '54480', 'MUTISCUA ', 18, NULL, NULL),
(1074, '54498', 'OCAÑA ', 18, NULL, NULL),
(1075, '54518', 'PAMPLONA ', 18, NULL, NULL),
(1076, '54520', 'PAMPLONITA ', 18, NULL, NULL),
(1077, '54553', 'PUERTO SANTANDER ', 18, NULL, NULL),
(1078, '54599', 'RAGONVALIA ', 18, NULL, NULL),
(1079, '54660', 'SALAZAR ', 18, NULL, NULL),
(1080, '54670', 'SAN CALIXTO ', 18, NULL, NULL),
(1081, '54673', 'SAN CAYETANO ', 18, NULL, NULL),
(1082, '54680', 'SANTIAGO ', 18, NULL, NULL),
(1083, '54720', 'SARDINATA ', 18, NULL, NULL),
(1084, '54743', 'SILOS ', 18, NULL, NULL),
(1085, '54800', 'TEORAMA ', 18, NULL, NULL),
(1086, '54810', 'TIBU ', 18, NULL, NULL),
(1087, '54820', 'TOLEDO ', 18, NULL, NULL),
(1088, '54871', 'VILLA CARO ', 18, NULL, NULL),
(1089, '54874', 'VILLA DEL ROSARIO ', 18, NULL, NULL),
(1090, '63001', 'ARMENIA ', 19, NULL, NULL),
(1091, '63111', 'BUENAVISTA ', 19, NULL, NULL),
(1092, '63130', 'CALARCA ', 19, NULL, NULL),
(1093, '63190', 'CIRCASIA ', 19, NULL, NULL),
(1094, '63212', 'CORDOBA ', 19, NULL, NULL),
(1095, '63272', 'FILANDIA ', 19, NULL, NULL),
(1096, '63302', 'GENOVA ', 19, NULL, NULL),
(1097, '63401', 'LA TEBAIDA ', 19, NULL, NULL),
(1098, '63470', 'MONTENEGRO ', 19, NULL, NULL),
(1099, '63548', 'PIJAO ', 19, NULL, NULL),
(1100, '63594', 'QUIMBAYA ', 19, NULL, NULL),
(1101, '63690', 'SALENTO ', 19, NULL, NULL),
(1102, '66001', 'PEREIRA ', 20, NULL, NULL),
(1103, '66045', 'APIA ', 20, NULL, NULL),
(1104, '66075', 'BALBOA ', 20, NULL, NULL),
(1105, '66088', 'BELEN DE UMBRIA ', 20, NULL, NULL),
(1106, '66170', 'DOSQUEBRADAS ', 20, NULL, NULL),
(1107, '66318', 'GUATICA ', 20, NULL, NULL),
(1108, '66383', 'LA CELIA ', 20, NULL, NULL),
(1109, '66400', 'LA VIRGINIA ', 20, NULL, NULL),
(1110, '66440', 'MARSELLA ', 20, NULL, NULL),
(1111, '66456', 'MISTRATO ', 20, NULL, NULL),
(1112, '66572', 'PUEBLO RICO ', 20, NULL, NULL),
(1113, '66594', 'QUINCHIA ', 20, NULL, NULL),
(1114, '66682', 'SANTA ROSA DE CABAL ', 20, NULL, NULL),
(1115, '66687', 'SANTUARIO ', 20, NULL, NULL),
(1116, '68001', 'BUCARAMANGA ', 21, NULL, NULL),
(1117, '68013', 'AGUADA ', 21, NULL, NULL),
(1118, '68020', 'ALBANIA ', 21, NULL, NULL),
(1119, '68051', 'ARATOCA ', 21, NULL, NULL),
(1120, '68077', 'BARBOSA ', 21, NULL, NULL),
(1121, '68079', 'BARICHARA ', 21, NULL, NULL),
(1122, '68081', 'BARRANCABERMEJA ', 21, NULL, NULL),
(1123, '68092', 'BETULIA ', 21, NULL, NULL),
(1124, '68101', 'BOLIVAR ', 21, NULL, NULL),
(1125, '68121', 'CABRERA ', 21, NULL, NULL),
(1126, '68132', 'CALIFORNIA ', 21, NULL, NULL),
(1127, '68147', 'CAPITANEJO ', 21, NULL, NULL),
(1128, '68152', 'CARCASI ', 21, NULL, NULL),
(1129, '68160', 'CEPITA ', 21, NULL, NULL),
(1130, '68162', 'CERRITO ', 21, NULL, NULL),
(1131, '68167', 'CHARALA ', 21, NULL, NULL),
(1132, '68169', 'CHARTA ', 21, NULL, NULL),
(1133, '68176', 'CHIMA ', 21, NULL, NULL),
(1134, '68179', 'CHIPATA ', 21, NULL, NULL),
(1135, '68190', 'CIMITARRA ', 21, NULL, NULL),
(1136, '68207', 'CONCEPCION ', 21, NULL, NULL),
(1137, '68209', 'CONFINES ', 21, NULL, NULL),
(1138, '68211', 'CONTRATACION ', 21, NULL, NULL),
(1139, '68217', 'COROMORO ', 21, NULL, NULL),
(1140, '68229', 'CURITI ', 21, NULL, NULL),
(1141, '68235', 'EL CARMEN DE CHUCURI ', 21, NULL, NULL),
(1142, '68245', 'EL GUACAMAYO ', 21, NULL, NULL),
(1143, '68250', 'EL PEÑON ', 21, NULL, NULL),
(1144, '68255', 'EL PLAYON ', 21, NULL, NULL),
(1145, '68264', 'ENCINO ', 21, NULL, NULL),
(1146, '68266', 'ENCISO ', 21, NULL, NULL),
(1147, '68271', 'FLORIAN ', 21, NULL, NULL),
(1148, '68276', 'FLORIDABLANCA ', 21, NULL, NULL),
(1149, '68296', 'GALAN ', 21, NULL, NULL),
(1150, '68298', 'GAMBITA ', 21, NULL, NULL),
(1151, '68307', 'GIRON ', 21, NULL, NULL),
(1152, '68318', 'GUACA ', 21, NULL, NULL),
(1153, '68320', 'GUADALUPE ', 21, NULL, NULL),
(1154, '68322', 'GUAPOTA ', 21, NULL, NULL),
(1155, '68324', 'GUAVATA ', 21, NULL, NULL),
(1156, '68327', 'GsEPSA ', 21, NULL, NULL),
(1157, '68344', 'HATO ', 21, NULL, NULL),
(1158, '68368', 'JESUS MARIA ', 21, NULL, NULL),
(1159, '68370', 'JORDAN ', 21, NULL, NULL),
(1160, '68377', 'LA BELLEZA ', 21, NULL, NULL),
(1161, '68385', 'LANDAZURI ', 21, NULL, NULL),
(1162, '68397', 'LA PAZ ', 21, NULL, NULL),
(1163, '68406', 'LEBRIJA ', 21, NULL, NULL),
(1164, '68418', 'LOS SANTOS ', 21, NULL, NULL),
(1165, '68425', 'MACARAVITA ', 21, NULL, NULL),
(1166, '68432', 'MALAGA ', 21, NULL, NULL),
(1167, '68444', 'MATANZA ', 21, NULL, NULL),
(1168, '68464', 'MOGOTES ', 21, NULL, NULL),
(1169, '68468', 'MOLAGAVITA ', 21, NULL, NULL),
(1170, '68498', 'OCAMONTE ', 21, NULL, NULL),
(1171, '68500', 'OIBA ', 21, NULL, NULL),
(1172, '68502', 'ONZAGA ', 21, NULL, NULL),
(1173, '68522', 'PALMAR ', 21, NULL, NULL),
(1174, '68524', 'PALMAS DEL SOCORRO ', 21, NULL, NULL),
(1175, '68533', 'PARAMO ', 21, NULL, NULL),
(1176, '68547', 'PIEDECUESTA ', 21, NULL, NULL),
(1177, '68549', 'PINCHOTE ', 21, NULL, NULL),
(1178, '68572', 'PUENTE NACIONAL ', 21, NULL, NULL),
(1179, '68573', 'PUERTO PARRA ', 21, NULL, NULL),
(1180, '68575', 'PUERTO WILCHES ', 21, NULL, NULL),
(1181, '68615', 'RIONEGRO ', 21, NULL, NULL),
(1182, '68655', 'SABANA DE TORRES ', 21, NULL, NULL),
(1183, '68669', 'SAN ANDRES ', 21, NULL, NULL),
(1184, '68673', 'SAN BENITO ', 21, NULL, NULL),
(1185, '68679', 'SAN GIL ', 21, NULL, NULL),
(1186, '68682', 'SAN JOAQUIN ', 21, NULL, NULL),
(1187, '68684', 'SAN JOSE DE MIRANDA ', 21, NULL, NULL),
(1188, '68686', 'SAN MIGUEL ', 21, NULL, NULL),
(1189, '68689', 'SAN VICENTE DE CHUCURI ', 21, NULL, NULL),
(1190, '68705', 'SANTA BARBARA ', 21, NULL, NULL),
(1191, '68720', 'SANTA HELENA DEL OPON ', 21, NULL, NULL),
(1192, '68745', 'SIMACOTA ', 21, NULL, NULL),
(1193, '68755', 'SOCORRO ', 21, NULL, NULL),
(1194, '68770', 'SUAITA ', 21, NULL, NULL),
(1195, '68773', 'SUCRE ', 21, NULL, NULL),
(1196, '68780', 'SURATA ', 21, NULL, NULL),
(1197, '68820', 'TONA ', 21, NULL, NULL),
(1198, '68855', 'VALLE DE SAN JOSE ', 21, NULL, NULL),
(1199, '68861', 'VELEZ ', 21, NULL, NULL),
(1200, '68867', 'VETAS ', 21, NULL, NULL),
(1201, '68872', 'VILLANUEVA ', 21, NULL, NULL),
(1202, '68895', 'ZAPATOCA ', 21, NULL, NULL),
(1203, '70001', 'SINCELEJO ', 22, NULL, NULL),
(1204, '70110', 'BUENAVISTA ', 22, NULL, NULL),
(1205, '70124', 'CAIMITO ', 22, NULL, NULL),
(1206, '70204', 'COLOSO ', 22, NULL, NULL),
(1207, '70215', 'COROZAL ', 22, NULL, NULL),
(1208, '70221', 'COVEÑAS ', 22, NULL, NULL),
(1209, '70230', 'CHALAN ', 22, NULL, NULL),
(1210, '70233', 'EL ROBLE ', 22, NULL, NULL),
(1211, '70235', 'GALERAS ', 22, NULL, NULL),
(1212, '70265', 'GUARANDA ', 22, NULL, NULL),
(1213, '70400', 'LA UNION ', 22, NULL, NULL),
(1214, '70418', 'LOS PALMITOS ', 22, NULL, NULL),
(1215, '70429', 'MAJAGUAL ', 22, NULL, NULL),
(1216, '70473', 'MORROA ', 22, NULL, NULL),
(1217, '70508', 'OVEJAS ', 22, NULL, NULL),
(1218, '70523', 'PALMITO ', 22, NULL, NULL),
(1219, '70670', 'SAMPUES ', 22, NULL, NULL),
(1220, '70678', 'SAN BENITO ABAD ', 22, NULL, NULL),
(1221, '70702', 'SAN JUAN DE BETULIA ', 22, NULL, NULL),
(1222, '70708', 'SAN MARCOS ', 22, NULL, NULL),
(1223, '70713', 'SAN ONOFRE ', 22, NULL, NULL),
(1224, '70717', 'SAN PEDRO ', 22, NULL, NULL),
(1225, '70742', 'SAN LUIS DE SINCE ', 22, NULL, NULL),
(1226, '70771', 'SUCRE ', 22, NULL, NULL),
(1227, '70820', 'SANTIAGO DE TOLU ', 22, NULL, NULL),
(1228, '70823', 'TOLU VIEJO ', 22, NULL, NULL),
(1229, '73001', 'IBAGUE ', 23, NULL, NULL),
(1230, '73024', 'ALPUJARRA ', 23, NULL, NULL),
(1231, '73026', 'ALVARADO ', 23, NULL, NULL),
(1232, '73030', 'AMBALEMA ', 23, NULL, NULL),
(1233, '73043', 'ANZOATEGUI ', 23, NULL, NULL),
(1234, '73055', 'ARMERO ', 23, NULL, NULL),
(1235, '73067', 'ATACO ', 23, NULL, NULL),
(1236, '73124', 'CAJAMARCA ', 23, NULL, NULL),
(1237, '73148', 'CARMEN DE APICALA ', 23, NULL, NULL),
(1238, '73152', 'CASABIANCA ', 23, NULL, NULL),
(1239, '73168', 'CHAPARRAL ', 23, NULL, NULL),
(1240, '73200', 'COELLO ', 23, NULL, NULL),
(1241, '73217', 'COYAIMA ', 23, NULL, NULL),
(1242, '73226', 'CUNDAY ', 23, NULL, NULL),
(1243, '73236', 'DOLORES ', 23, NULL, NULL),
(1244, '73268', 'ESPINAL ', 23, NULL, NULL),
(1245, '73270', 'FALAN ', 23, NULL, NULL),
(1246, '73275', 'FLANDES ', 23, NULL, NULL),
(1247, '73283', 'FRESNO ', 23, NULL, NULL),
(1248, '73319', 'GUAMO ', 23, NULL, NULL),
(1249, '73347', 'HERVEO ', 23, NULL, NULL),
(1250, '73349', 'HONDA ', 23, NULL, NULL),
(1251, '73352', 'ICONONZO ', 23, NULL, NULL),
(1252, '73408', 'LERIDA ', 23, NULL, NULL),
(1253, '73411', 'LIBANO ', 23, NULL, NULL),
(1254, '73443', 'MARIQUITA ', 23, NULL, NULL),
(1255, '73449', 'MELGAR ', 23, NULL, NULL),
(1256, '73461', 'MURILLO ', 23, NULL, NULL),
(1257, '73483', 'NATAGAIMA ', 23, NULL, NULL),
(1258, '73504', 'ORTEGA ', 23, NULL, NULL),
(1259, '73520', 'PALOCABILDO ', 23, NULL, NULL),
(1260, '73547', 'PIEDRAS ', 23, NULL, NULL),
(1261, '73555', 'PLANADAS ', 23, NULL, NULL),
(1262, '73563', 'PRADO ', 23, NULL, NULL),
(1263, '73585', 'PURIFICACION ', 23, NULL, NULL),
(1264, '73616', 'RIOBLANCO ', 23, NULL, NULL),
(1265, '73622', 'RONCESVALLES ', 23, NULL, NULL),
(1266, '73624', 'ROVIRA ', 23, NULL, NULL),
(1267, '73671', 'SALDAÑA ', 23, NULL, NULL),
(1268, '73675', 'SAN ANTONIO ', 23, NULL, NULL),
(1269, '73678', 'SAN LUIS ', 23, NULL, NULL),
(1270, '73686', 'SANTA ISABEL ', 23, NULL, NULL),
(1271, '73770', 'SUAREZ ', 23, NULL, NULL),
(1272, '73854', 'VALLE DE SAN JUAN ', 23, NULL, NULL),
(1273, '73861', 'VENADILLO ', 23, NULL, NULL),
(1274, '73870', 'VILLAHERMOSA ', 23, NULL, NULL),
(1275, '73873', 'VILLARRICA ', 23, NULL, NULL),
(1276, '76001', 'CALI ', 24, NULL, NULL),
(1277, '76020', 'ALCALA ', 24, NULL, NULL),
(1278, '76036', 'ANDALUCIA ', 24, NULL, NULL),
(1279, '76041', 'ANSERMANUEVO ', 24, NULL, NULL),
(1280, '76054', 'ARGELIA ', 24, NULL, NULL),
(1281, '76100', 'BOLIVAR ', 24, NULL, NULL),
(1282, '76109', 'BUENAVENTURA ', 24, NULL, NULL),
(1283, '76111', 'GUADALAJARA DE BUGA ', 24, NULL, NULL),
(1284, '76113', 'BUGALAGRANDE ', 24, NULL, NULL),
(1285, '76122', 'CAICEDONIA ', 24, NULL, NULL),
(1286, '76126', 'CALIMA ', 24, NULL, NULL),
(1287, '76130', 'CANDELARIA ', 24, NULL, NULL),
(1288, '76147', 'CARTAGO ', 24, NULL, NULL),
(1289, '76233', 'DAGUA ', 24, NULL, NULL),
(1290, '76243', 'EL AGUILA ', 24, NULL, NULL),
(1291, '76246', 'EL CAIRO ', 24, NULL, NULL),
(1292, '76248', 'EL CERRITO ', 24, NULL, NULL),
(1293, '76250', 'EL DOVIO ', 24, NULL, NULL),
(1294, '76275', 'FLORIDA ', 24, NULL, NULL),
(1295, '76306', 'GINEBRA ', 24, NULL, NULL),
(1296, '76318', 'GUACARI ', 24, NULL, NULL),
(1297, '76364', 'JAMUNDI ', 24, NULL, NULL),
(1298, '76377', 'LA CUMBRE ', 24, NULL, NULL),
(1299, '76400', 'LA UNION ', 24, NULL, NULL),
(1300, '76403', 'LA VICTORIA ', 24, NULL, NULL),
(1301, '76497', 'OBANDO ', 24, NULL, NULL),
(1302, '76520', 'PALMIRA ', 24, NULL, NULL),
(1303, '76563', 'PRADERA ', 24, NULL, NULL),
(1304, '76606', 'RESTREPO ', 24, NULL, NULL),
(1305, '76616', 'RIOFRIO ', 24, NULL, NULL),
(1306, '76622', 'ROLDANILLO ', 24, NULL, NULL),
(1307, '76670', 'SAN PEDRO ', 24, NULL, NULL),
(1308, '76736', 'SEVILLA ', 24, NULL, NULL),
(1309, '76823', 'TORO ', 24, NULL, NULL),
(1310, '76828', 'TRUJILLO ', 24, NULL, NULL),
(1311, '76834', 'TULUA ', 24, NULL, NULL),
(1312, '76845', 'ULLOA ', 24, NULL, NULL),
(1313, '76863', 'VERSALLES ', 24, NULL, NULL),
(1314, '76869', 'VIJES ', 24, NULL, NULL),
(1315, '76890', 'YOTOCO ', 24, NULL, NULL),
(1316, '76892', 'YUMBO ', 24, NULL, NULL),
(1317, '76895', 'ZARZAL ', 24, NULL, NULL),
(1318, '81001', 'ARAUCA ', 25, NULL, NULL),
(1319, '81065', 'ARAUQUITA ', 25, NULL, NULL),
(1320, '81220', 'CRAVO NORTE ', 25, NULL, NULL),
(1321, '81300', 'FORTUL ', 25, NULL, NULL),
(1322, '81591', 'PUERTO RONDON ', 25, NULL, NULL),
(1323, '81736', 'SARAVENA ', 25, NULL, NULL),
(1324, '81794', 'TAME ', 25, NULL, NULL),
(1325, '85001', 'YOPAL ', 26, NULL, NULL),
(1326, '85010', 'AGUAZUL ', 26, NULL, NULL),
(1327, '85015', 'CHAMEZA ', 26, NULL, NULL),
(1328, '85125', 'HATO COROZAL ', 26, NULL, NULL),
(1329, '85136', 'LA SALINA ', 26, NULL, NULL),
(1330, '85139', 'MANI ', 26, NULL, NULL),
(1331, '85162', 'MONTERREY ', 26, NULL, NULL),
(1332, '85225', 'NUNCHIA ', 26, NULL, NULL),
(1333, '85230', 'OROCUE ', 26, NULL, NULL),
(1334, '85250', 'PAZ DE ARIPORO ', 26, NULL, NULL),
(1335, '85263', 'PORE ', 26, NULL, NULL),
(1336, '85279', 'RECETOR ', 26, NULL, NULL),
(1337, '85300', 'SABANALARGA ', 26, NULL, NULL),
(1338, '85315', 'SACAMA ', 26, NULL, NULL),
(1339, '85325', 'SAN LUIS DE PALENQUE ', 26, NULL, NULL),
(1340, '85400', 'TAMARA ', 26, NULL, NULL),
(1341, '85410', 'TAURAMENA ', 26, NULL, NULL),
(1342, '85430', 'TRINIDAD ', 26, NULL, NULL),
(1343, '85440', 'VILLANUEVA ', 26, NULL, NULL),
(1344, '86001', 'MOCOA ', 27, NULL, NULL),
(1345, '86219', 'COLON ', 27, NULL, NULL),
(1346, '86320', 'ORITO ', 27, NULL, NULL),
(1347, '86568', 'PUERTO ASIS ', 27, NULL, NULL),
(1348, '86569', 'PUERTO CAICEDO ', 27, NULL, NULL),
(1349, '86571', 'PUERTO GUZMAN ', 27, NULL, NULL),
(1350, '86573', 'LEGUIZAMO ', 27, NULL, NULL),
(1351, '86749', 'SIBUNDOY ', 27, NULL, NULL),
(1352, '86755', 'SAN FRANCISCO ', 27, NULL, NULL),
(1353, '86757', 'SAN MIGUEL ', 27, NULL, NULL),
(1354, '86760', 'SANTIAGO ', 27, NULL, NULL),
(1355, '86865', 'VALLE DEL GUAMUEZ ', 27, NULL, NULL),
(1356, '86885', 'VILLAGARZON ', 27, NULL, NULL),
(1357, '88001', 'SAN ANDRES ', 28, NULL, NULL),
(1358, '88564', 'PROVIDENCIA ', 28, NULL, NULL),
(1359, '91001', 'LETICIA ', 29, NULL, NULL),
(1360, '91263', 'EL ENCANTO ', 29, NULL, NULL),
(1361, '91405', 'LA CHORRERA ', 29, NULL, NULL),
(1362, '91407', 'LA PEDRERA ', 29, NULL, NULL),
(1363, '91430', 'LA VICTORIA ', 29, NULL, NULL),
(1364, '91460', 'MIRITI - PARANA ', 29, NULL, NULL),
(1365, '91530', 'PUERTO ALEGRIA ', 29, NULL, NULL),
(1366, '91536', 'PUERTO ARICA ', 29, NULL, NULL),
(1367, '91540', 'PUERTO NARIÑO ', 29, NULL, NULL),
(1368, '91669', 'PUERTO SANTANDER ', 29, NULL, NULL),
(1369, '91798', 'TARAPACA ', 29, NULL, NULL),
(1370, '94001', 'INIRIDA ', 30, NULL, NULL),
(1371, '94343', 'BARRANCO MINAS ', 30, NULL, NULL),
(1372, '94663', 'MAPIRIPANA ', 30, NULL, NULL),
(1373, '94883', 'SAN FELIPE ', 30, NULL, NULL),
(1374, '94884', 'PUERTO COLOMBIA ', 30, NULL, NULL),
(1375, '94885', 'LA GUADALUPE ', 30, NULL, NULL),
(1376, '94886', 'CACAHUAL ', 30, NULL, NULL),
(1377, '94887', 'PANA PANA ', 30, NULL, NULL),
(1378, '94888', 'MORICHAL ', 30, NULL, NULL),
(1379, '95001', 'SAN JOSE DEL GUAVIARE ', 31, NULL, NULL),
(1380, '95015', 'CALAMAR ', 31, NULL, NULL),
(1381, '95025', 'EL RETORNO ', 31, NULL, NULL),
(1382, '95200', 'MIRAFLORES ', 31, NULL, NULL),
(1383, '97001', 'MITU ', 32, NULL, NULL),
(1384, '97161', 'CARURU ', 32, NULL, NULL),
(1385, '97511', 'PACOA ', 32, NULL, NULL),
(1386, '97666', 'TARAIRA ', 32, NULL, NULL),
(1387, '97777', 'PAPUNAUA ', 32, NULL, NULL),
(1388, '97889', 'YAVARATE ', 32, NULL, NULL),
(1389, '99001', 'PUERTO CARREÑO ', 33, NULL, NULL),
(1390, '99524', 'LA PRIMAVERA ', 33, NULL, NULL),
(1391, '99624', 'SANTA ROSALIA ', 33, NULL, NULL),
(1392, '99773', 'CUMARIBO ', 33, NULL, NULL);

-- --------------------------------------------------------

--
-- Estructura de tabla para la tabla `couriers`
--

CREATE TABLE `couriers` (
  `CouId` int(10) UNSIGNED NOT NULL,
  `CouTipo` int(11) NOT NULL,
  `CouNombre` varchar(120) COLLATE utf8mb4_unicode_ci NOT NULL
) ENGINE=InnoDB DEFAULT CHARSET=utf8mb4 COLLATE=utf8mb4_unicode_ci;

-- --------------------------------------------------------

--
-- Estructura de tabla para la tabla `departamentos`
--

CREATE TABLE `departamentos` (
  `id` int(10) UNSIGNED NOT NULL,
  `dtocodigo` varchar(10) COLLATE utf8mb4_unicode_ci NOT NULL,
  `dtonombre` varchar(100) COLLATE utf8mb4_unicode_ci NOT NULL,
  `pais_id` int(10) UNSIGNED NOT NULL,
  `created_at` timestamp NULL DEFAULT NULL,
  `updated_at` timestamp NULL DEFAULT NULL
) ENGINE=InnoDB DEFAULT CHARSET=utf8mb4 COLLATE=utf8mb4_unicode_ci;

--
-- Volcado de datos para la tabla `departamentos`
--

INSERT INTO `departamentos` (`id`, `dtocodigo`, `dtonombre`, `pais_id`, `created_at`, `updated_at`) VALUES
(1, '5', 'ANTIOQUIA', 1, NULL, NULL),
(2, '8', 'ATLÁNTICO', 1, NULL, NULL),
(3, '11', 'BOGOTÁ, D.C.', 1, NULL, NULL),
(4, '13', 'BOLÍVAR', 1, NULL, NULL),
(5, '15', 'BOYACÁ', 1, NULL, NULL),
(6, '17', 'CALDAS', 1, NULL, NULL),
(7, '18', 'CAQUETÁ', 1, NULL, NULL),
(8, '19', 'CAUCA', 1, NULL, NULL),
(9, '20', 'CESAR', 1, NULL, NULL),
(10, '23', 'CÓRDOBA', 1, NULL, NULL),
(11, '25', 'CUNDINAMARCA', 1, NULL, NULL),
(12, '27', 'CHOCÓ', 1, NULL, NULL),
(13, '41', 'HUILA', 1, NULL, NULL),
(14, '44', 'LA GUAJIRA', 1, NULL, NULL),
(15, '47', 'MAGDALENA', 1, NULL, NULL),
(16, '50', 'META', 1, NULL, NULL),
(17, '52', 'NARIÑO', 1, NULL, NULL),
(18, '54', 'NORTE DE SANTANDER', 1, NULL, NULL),
(19, '63', 'QUINDIO', 1, NULL, NULL),
(20, '66', 'RISARALDA', 1, NULL, NULL),
(21, '68', 'SANTANDER', 1, NULL, NULL),
(22, '70', 'SUCRE', 1, NULL, NULL),
(23, '73', 'TOLIMA', 1, NULL, NULL),
(24, '76', 'VALLE DEL CAUCA', 1, NULL, NULL),
(25, '81', 'ARAUCA', 1, NULL, NULL),
(26, '85', 'CASANARE', 1, NULL, NULL),
(27, '86', 'PUTUMAYO', 1, NULL, NULL),
(28, '88', 'ARCHIPIÉLAGO DE SAN ANDRÉS, PROVIDENCIA Y SANTA CATALINA', 1, NULL, NULL),
(29, '91', 'AMAZONAS', 1, NULL, NULL),
(30, '94', 'GUAINÍA', 1, NULL, NULL),
(31, '95', 'GUAVIARE', 1, NULL, NULL),
(32, '97', 'VAUPÉS', 1, NULL, NULL),
(33, '99', 'VICHADA', 1, NULL, NULL);

-- --------------------------------------------------------

--
-- Estructura de tabla para la tabla `dependencias`
--

CREATE TABLE `dependencias` (
  `id` int(10) UNSIGNED NOT NULL,
  `codigo` varchar(10) COLLATE utf8mb4_unicode_ci NOT NULL,
  `nombre` varchar(100) COLLATE utf8mb4_unicode_ci NOT NULL,
  `organizacion_id` int(10) UNSIGNED NOT NULL,
  `created_at` timestamp NULL DEFAULT NULL,
  `updated_at` timestamp NULL DEFAULT NULL
) ENGINE=InnoDB DEFAULT CHARSET=utf8mb4 COLLATE=utf8mb4_unicode_ci;

--
-- Volcado de datos para la tabla `dependencias`
--

INSERT INTO `dependencias` (`id`, `codigo`, `nombre`, `organizacion_id`, `created_at`, `updated_at`) VALUES
(4, '120', 'GERENCIA GENERAL', 4, '2018-12-23 06:05:45', '2018-12-23 06:05:45'),
(5, '130', 'SUBGERENCIA FINANCIERA', 4, '2018-12-23 06:06:03', '2018-12-23 06:06:03'),
(6, '140', 'SUBGERENCIA ADMINISTRATIVA Y COMERCIAL', 4, '2018-12-23 06:06:34', '2018-12-23 06:06:34'),
(7, '150', 'SUBGERENTCIA TÉCNICO OPERATIVA', 4, '2018-12-23 06:07:03', '2018-12-23 06:07:03'),
(8, '160', 'CONTROL INTERNO', 4, '2018-12-23 06:07:28', '2018-12-23 06:07:28');

-- --------------------------------------------------------

--
-- Estructura de tabla para la tabla `destinatarios`
--

CREATE TABLE `destinatarios` (
  `DesId` int(10) UNSIGNED NOT NULL,
  `DesRadicado` int(10) UNSIGNED DEFAULT NULL,
  `DesPersona` int(10) UNSIGNED DEFAULT NULL
) ENGINE=InnoDB DEFAULT CHARSET=utf8mb4 COLLATE=utf8mb4_unicode_ci;

--
-- Volcado de datos para la tabla `destinatarios`
--

INSERT INTO `destinatarios` (`DesId`, `DesRadicado`, `DesPersona`) VALUES
(1, 4, 0),
(2, 5, 0),
(3, 7, 0),
(4, 48, 0),
(5, 49, 0);

-- --------------------------------------------------------

--
-- Estructura de tabla para la tabla `estadosusuario`
--

CREATE TABLE `estadosusuario` (
  `id` int(10) UNSIGNED NOT NULL,
  `nombre` varchar(20) COLLATE utf8mb4_unicode_ci NOT NULL,
  `descripcion` varchar(100) COLLATE utf8mb4_unicode_ci NOT NULL,
  `created_at` timestamp NULL DEFAULT NULL,
  `updated_at` timestamp NULL DEFAULT NULL
) ENGINE=InnoDB DEFAULT CHARSET=utf8mb4 COLLATE=utf8mb4_unicode_ci;

-- --------------------------------------------------------

--
-- Estructura de tabla para la tabla `estados_radicados`
--

CREATE TABLE `estados_radicados` (
  `id` int(10) UNSIGNED NOT NULL,
  `ErDescripcion` varchar(40) COLLATE utf8mb4_unicode_ci NOT NULL
) ENGINE=InnoDB DEFAULT CHARSET=utf8mb4 COLLATE=utf8mb4_unicode_ci;

--
-- Volcado de datos para la tabla `estados_radicados`
--

INSERT INTO `estados_radicados` (`id`, `ErDescripcion`) VALUES
(1, 'Creado'),
(2, 'Anulado'),
(3, 'Borrador');

-- --------------------------------------------------------

--
-- Estructura de tabla para la tabla `estasdosgestion`
--

CREATE TABLE `estasdosgestion` (
  `id` int(10) UNSIGNED NOT NULL,
  `EgNombreEstado` varchar(20) COLLATE utf8mb4_unicode_ci NOT NULL
) ENGINE=InnoDB DEFAULT CHARSET=utf8mb4 COLLATE=utf8mb4_unicode_ci;

--
-- Volcado de datos para la tabla `estasdosgestion`
--

INSERT INTO `estasdosgestion` (`id`, `EgNombreEstado`) VALUES
(1, 'Asignado'),
(2, 'Reasignar'),
(3, 'Delegar'),
(4, 'Devolver'),
(5, 'Respuesta parcial'),
(6, 'Respuesta definitiva'),
(7, 'Creado'),
(8, 'Radicado asociado');

-- --------------------------------------------------------

--
-- Estructura de tabla para la tabla `gestiones`
--

CREATE TABLE `gestiones` (
  `id` int(10) UNSIGNED NOT NULL,
  `Estasdosgestion_EgId` int(10) UNSIGNED NOT NULL,
  `Radicados_RaId` int(10) UNSIGNED NOT NULL,
  `Usuarios_UsId` int(10) UNSIGNED NOT NULL,
  `observaciones` text COLLATE utf8mb4_unicode_ci NOT NULL,
  `RaNumero` varchar(30) COLLATE utf8mb4_unicode_ci NOT NULL,
  `created_at` timestamp NOT NULL DEFAULT CURRENT_TIMESTAMP ON UPDATE CURRENT_TIMESTAMP,
  `updated_at` timestamp NOT NULL DEFAULT '0000-00-00 00:00:00'
) ENGINE=InnoDB DEFAULT CHARSET=utf8mb4 COLLATE=utf8mb4_unicode_ci;

--
-- Volcado de datos para la tabla `gestiones`
--

INSERT INTO `gestiones` (`id`, `Estasdosgestion_EgId`, `Radicados_RaId`, `Usuarios_UsId`, `observaciones`, `RaNumero`, `created_at`, `updated_at`) VALUES
(1, 1, 4, 1, 'dfrfsdfdssf', 's5520519', '2018-12-31 04:35:42', '2018-12-31 04:35:42'),
(2, 1, 5, 1, 'primera prueba de radicado', 's3528719', '2018-12-31 05:15:04', '2018-12-31 05:15:04'),
(3, 1, 7, 1, 'all to undefined method Maatwebsite\\Excel\\Excel::load()', 's7780219', '2018-12-31 06:55:51', '2018-12-31 06:55:51'),
(4, 2, 5, 1, 'xcscsdcsds', 'Sin valor', '2018-12-31 08:25:24', '2018-12-31 08:25:24'),
(5, 1, 48, 1, 'wqweqwqwdwqd', 's9450819', '2019-01-02 04:45:14', '2019-01-02 04:45:14'),
(6, 1, 49, 1, 'fvvv', 'e6914419', '2019-01-02 05:03:59', '2019-01-02 05:03:59'),
(7, 2, 49, 1, 'ssdcsdsdcsdsd', 'Sin valor', '2019-01-02 05:12:17', '2019-01-02 05:12:17'),
(8, 2, 49, 1, 'ssdcsdsdcsdsd', 'Sin valor', '2019-01-02 05:13:10', '2019-01-02 05:13:10'),
(9, 2, 49, 1, 'ssdcsdsdcsdsd', 'Sin valor', '2019-01-02 05:14:21', '2019-01-02 05:14:21'),
(10, 2, 49, 1, 'ssdcsdsdcsdsd', 'Sin valor', '2019-01-02 05:15:18', '2019-01-02 05:15:18'),
(11, 2, 49, 1, 'ssdcsdsdcsdsd', 'Sin valor', '2019-01-02 05:15:56', '2019-01-02 05:15:56'),
(12, 2, 49, 1, 'ssdcsdsdcsdsd', 'Sin valor', '2019-01-02 05:18:04', '2019-01-02 05:18:04'),
(13, 3, 49, 1, 'sdfdfddf', 'Sin valor', '2019-01-02 05:21:43', '2019-01-02 05:21:43'),
(14, 3, 49, 1, 'sdfdfddf', 'Sin valor', '2019-01-02 05:24:01', '2019-01-02 05:24:01'),
(15, 3, 49, 1, 'sdfdfddf', 'Sin valor', '2019-01-02 05:27:42', '2019-01-02 05:27:42'),
(16, 3, 49, 1, 'ddsfsdfd', 'Sin valor', '2019-01-02 05:32:13', '2019-01-02 05:32:13'),
(17, 3, 49, 1, 'ddsfsdfd', 'Sin valor', '2019-01-02 05:40:04', '2019-01-02 05:40:04'),
(18, 3, 49, 1, 'ddsfsdfd', 'Sin valor', '2019-01-02 05:45:56', '2019-01-02 05:45:56'),
(19, 3, 49, 1, 'ddsfsdfd', 'Sin valor', '2019-01-02 05:48:52', '2019-01-02 05:48:52'),
(20, 3, 49, 1, 'dele', 'Sin valor', '2019-01-02 05:49:24', '2019-01-02 05:49:24'),
(21, 4, 49, 1, 'dfdf', 'Sin valor', '2019-01-02 05:55:22', '2019-01-02 05:55:22'),
(22, 5, 49, 1, 'dfsdfd', 'rp7584919', '2019-01-02 05:55:38', '2019-01-02 05:55:38'),
(23, 6, 49, 1, 'sdfsfsdsd', 'rd9209519', '2019-01-02 05:55:55', '2019-01-02 05:55:55'),
(24, 9, 49, 1, 'zxczxcxz', 'Sin valor', '2019-01-02 05:56:07', '2019-01-02 05:56:07'),
(25, 10, 49, 1, 'xczxczx', 'Sin valor', '2019-01-02 05:56:22', '2019-01-02 05:56:22');

-- --------------------------------------------------------

--
-- Estructura de tabla para la tabla `imp_exp_doc`
--

CREATE TABLE `imp_exp_doc` (
  `id` int(11) NOT NULL,
  `id_usuario` text COLLATE utf8mb4_unicode_ci,
  `create_at` text COLLATE utf8mb4_unicode_ci,
  `nombre_documento` longtext COLLATE utf8mb4_unicode_ci,
  `tipo` varchar(20) COLLATE utf8mb4_unicode_ci NOT NULL
) ENGINE=InnoDB DEFAULT CHARSET=utf8mb4 COLLATE=utf8mb4_unicode_ci;

--
-- Volcado de datos para la tabla `imp_exp_doc`
--

INSERT INTO `imp_exp_doc` (`id`, `id_usuario`, `create_at`, `nombre_documento`, `tipo`) VALUES
(1, '1', '2018-12-31', 'Consulta pqr.csv', 'import'),
(2, '1', '2018-12-31', 'export_radicado', 'export'),
(3, '1', '2018-12-31', 'Consulta pqr.xlsx', 'import'),
(4, '1', '2018-12-31', 'Consulta pqr.csv', 'import'),
(5, '1', '2018-12-31', 'Consulta pqr.xlsx', 'import'),
(6, '1', '2018-12-31', 'Consulta pqr.xlsx', 'import'),
(7, '1', '2018-12-31', 'Consulta pqr.xlsx', 'import'),
(8, '1', '2018-12-31', 'Consulta pqr.xlsx', 'import'),
(9, '1', '2018-12-31', 'Consulta pqr.xlsx', 'import'),
(10, '1', '2018-12-31', 'Consulta pqr.xlsx', 'import'),
(11, '1', '2018-12-31', 'Consulta pqr.xlsx', 'import'),
(12, '1', '2018-12-31', 'Consulta pqr.xlsx', 'import'),
(13, '1', '2018-12-31', 'Consulta pqr.xlsx', 'import'),
(14, '1', '2018-12-31', 'Consulta pqr.xlsx', 'import'),
(15, '1', '2018-12-31', 'Consulta pqr.xlsx', 'import'),
(16, '1', '2018-12-31', 'Consulta pqr.xlsx', 'import');

-- --------------------------------------------------------

--
-- Estructura de tabla para la tabla `log_ingresos_sistema`
--

CREATE TABLE `log_ingresos_sistema` (
  `LiId` int(10) UNSIGNED NOT NULL,
  `LiExitoso` varchar(191) COLLATE utf8mb4_unicode_ci NOT NULL,
  `LiDescripcionProblema` varchar(191) COLLATE utf8mb4_unicode_ci NOT NULL,
  `LiIpIntento` varchar(191) COLLATE utf8mb4_unicode_ci NOT NULL,
  `created_at` timestamp NULL DEFAULT NULL,
  `updated_at` timestamp NULL DEFAULT NULL,
  `LiUsuario` int(10) UNSIGNED NOT NULL
) ENGINE=InnoDB DEFAULT CHARSET=utf8mb4 COLLATE=utf8mb4_unicode_ci;

-- --------------------------------------------------------

--
-- Estructura de tabla para la tabla `migrations`
--

CREATE TABLE `migrations` (
  `id` int(10) UNSIGNED NOT NULL,
  `migration` varchar(191) COLLATE utf8mb4_unicode_ci NOT NULL,
  `batch` int(11) NOT NULL
) ENGINE=InnoDB DEFAULT CHARSET=utf8mb4 COLLATE=utf8mb4_unicode_ci;

-- --------------------------------------------------------

--
-- Estructura de tabla para la tabla `organizaciones`
--

CREATE TABLE `organizaciones` (
  `id` int(10) UNSIGNED NOT NULL,
  `nombre` varchar(100) COLLATE utf8mb4_unicode_ci NOT NULL,
  `identificacion` varchar(20) COLLATE utf8mb4_unicode_ci NOT NULL,
  `telefono` varchar(30) COLLATE utf8mb4_unicode_ci NOT NULL,
  `direccion` varchar(30) COLLATE utf8mb4_unicode_ci NOT NULL,
  `url` varchar(30) COLLATE utf8mb4_unicode_ci NOT NULL,
  `created_at` timestamp NULL DEFAULT NULL,
  `updated_at` timestamp NULL DEFAULT NULL,
  `tipoidentificacion_id` int(10) UNSIGNED NOT NULL
) ENGINE=InnoDB DEFAULT CHARSET=utf8mb4 COLLATE=utf8mb4_unicode_ci;

--
-- Volcado de datos para la tabla `organizaciones`
--

INSERT INTO `organizaciones` (`id`, `nombre`, `identificacion`, `telefono`, `direccion`, `url`, `created_at`, `updated_at`, `tipoidentificacion_id`) VALUES
(4, 'Empresas Publicas Municipales de Sibate S.A.C E.S.P', '900.171.710-9', '7250225', 'N° 6A Calle 4 N° 6A, Cl. 4 #77', 'http://www.epmsibate.com/', '2018-12-23 06:04:38', '2018-12-23 06:04:38', 3);

-- --------------------------------------------------------

--
-- Estructura de tabla para la tabla `paises`
--

CREATE TABLE `paises` (
  `id` int(10) UNSIGNED NOT NULL,
  `paicodigo` varchar(10) COLLATE utf8mb4_unicode_ci NOT NULL,
  `painombre` varchar(100) COLLATE utf8mb4_unicode_ci NOT NULL,
  `created_at` timestamp NULL DEFAULT NULL,
  `updated_at` timestamp NULL DEFAULT NULL
) ENGINE=InnoDB DEFAULT CHARSET=utf8mb4 COLLATE=utf8mb4_unicode_ci;

--
-- Volcado de datos para la tabla `paises`
--

INSERT INTO `paises` (`id`, `paicodigo`, `painombre`, `created_at`, `updated_at`) VALUES
(1, '57', 'Colombia', '2018-07-07 15:00:00', '2018-07-07 15:00:00'),
(2, '54', 'Peru', '2018-07-07 15:00:00', '2018-07-07 15:00:00'),
(3, '50', 'Panama', '2018-07-07 15:00:00', '2018-07-07 15:00:00');

-- --------------------------------------------------------

--
-- Estructura de tabla para la tabla `password_resets`
--

CREATE TABLE `password_resets` (
  `email` varchar(191) COLLATE utf8mb4_unicode_ci NOT NULL,
  `token` varchar(191) COLLATE utf8mb4_unicode_ci NOT NULL,
  `created_at` timestamp NULL DEFAULT NULL
) ENGINE=InnoDB DEFAULT CHARSET=utf8mb4 COLLATE=utf8mb4_unicode_ci;

-- --------------------------------------------------------

--
-- Estructura de tabla para la tabla `permissions`
--

CREATE TABLE `permissions` (
  `id` int(10) UNSIGNED NOT NULL,
  `name` varchar(191) COLLATE utf8mb4_unicode_ci NOT NULL,
  `slug` varchar(191) COLLATE utf8mb4_unicode_ci NOT NULL,
  `description` text COLLATE utf8mb4_unicode_ci,
  `created_at` timestamp NULL DEFAULT NULL,
  `updated_at` timestamp NULL DEFAULT NULL
) ENGINE=InnoDB DEFAULT CHARSET=utf8mb4 COLLATE=utf8mb4_unicode_ci;

--
-- Volcado de datos para la tabla `permissions`
--

INSERT INTO `permissions` (`id`, `name`, `slug`, `description`, `created_at`, `updated_at`) VALUES
(1, 'Pagina principal de role', 'roles.index', 'Permiso de la pagina principal de roles', '2018-07-10 02:05:37', '2018-07-10 02:05:37'),
(2, 'Ver boton usuarios', 'usuarios', 'Muestra el link de usuarios', '2018-07-10 02:05:37', '2018-07-10 02:05:37'),
(3, 'Ver boton correspondencia', 'correspondencia', 'Permite ver vista correspondencia', '2018-07-10 02:05:37', '2018-07-10 02:05:37'),
(4, 'Ver boton radicacion', 'radicacion', 'Permite ver vista radicacion', '2018-07-10 02:05:37', '2018-07-10 02:05:37'),
(5, 'Ver boton parametrizacion general', 'parageneral', 'Permite ver vista parametrizacion general', '2018-07-10 02:05:37', '2018-07-10 02:05:37'),
(6, 'Ver boton parametrizacion radicacion', 'pararadicacion', 'Permite ver vista parametrizacion radicacion', '2018-07-10 02:05:37', '2018-07-10 02:05:37'),
(7, 'Ver boton parametrizacion correspondencia', 'paracorrespondencia', 'Permite ver vista parametrizacion correspondencia', '2018-07-10 02:05:37', '2018-07-10 02:05:37'),
(8, 'Ver boton bitacora', 'bitacora', 'Permite ver vista bitacora', '2018-07-10 02:05:37', '2018-07-10 02:05:37'),
(9, 'realizar radicacion', 'radicaciones.create', 'Permite ver vista radicaciones a crear', '2018-07-10 02:05:37', '2018-07-10 02:05:37'),
(46, 'ver vista correspondencia', 'correspondencia.index', NULL, '2018-08-27 10:00:00', '2018-08-27 10:00:00'),
(47, 'ver tabla correspondencia', 'correspondencia.erm', NULL, '2018-08-27 10:00:00', '2018-08-27 10:00:00'),
(48, 'lista de Asignar a para Nuevo radicado\r\n ', 'radicados.getRadicados', NULL, '2018-08-27 10:00:00', '2018-08-27 10:00:00'),
(49, '', '', NULL, NULL, NULL),
(50, 'lista de remitentes para radicar', 'radicados.getRemitente', NULL, '2018-08-27 10:00:00', '2018-08-27 10:00:00'),
(51, 'lista de asociados para radicar', 'radicados.getRadicadoAsociado', NULL, '2018-08-27 10:00:00', '2018-08-27 10:00:00'),
(53, 'pos a realizar radicado  ', 'radicaciones.store', NULL, '2018-08-27 10:00:00', '2018-08-27 10:00:00'),
(54, 'terminar proceso de radicado', 'radicaciones.show', NULL, '2018-08-27 10:00:00', '2018-08-27 10:00:00'),
(55, 'ver pdf radicado', 'radipdf.Reporteuno', NULL, '2018-08-15 10:00:00', '2018-08-27 10:00:00'),
(56, 'tabla busqueda de radicado', 'radbusqueda.erm', NULL, '2018-08-27 10:00:00', '2018-08-27 10:00:00'),
(57, 'ver busqueda de tabla correspondencia', 'correspondencia.erm\r\n', NULL, '2018-08-27 10:00:00', '2018-08-27 10:00:00'),
(58, 'realizar gestion', 'gestion.index', NULL, '2018-08-27 10:00:00', '2018-08-27 10:00:00'),
(59, 'realizar gestion enviar', 'gestion.gestionar', NULL, '2018-08-27 10:00:00', '2018-08-27 10:00:00'),
(60, 'ver gestion realizada', 'coregestion.showtwo', NULL, '2018-08-27 10:00:00', '2018-08-27 10:00:00'),
(61, 'detalles de la correspondencia gestion', 'corebusqueda.show', NULL, '2018-08-15 10:00:00', '2018-08-27 10:00:00'),
(62, 'ver organizaciones', 'organizaciones.index', NULL, '2018-08-27 10:00:00', '2018-08-27 10:00:00'),
(69, 'ver dependencias', 'dependencias.index', NULL, '2018-08-27 10:00:00', '2018-08-27 10:00:00'),
(70, 'personas', 'personas.index', NULL, '2018-08-27 10:00:00', '2018-08-27 10:00:00'),
(71, 'busqueda', 'radbusqueda.index', NULL, '2018-08-27 10:00:00', '2018-08-27 10:00:00'),
(72, 'paises', 'paises.index', NULL, '2018-08-27 10:00:00', '2018-08-27 10:00:00'),
(73, 'tiposidentificacion', 'tiposidentificacion.index', NULL, '2018-08-27 10:00:00', '2018-08-27 10:00:00'),
(74, 'tiposaccion', 'tiposaccion.index', NULL, '2018-08-27 10:00:00', '2018-08-27 10:00:00'),
(75, 'departamentos', 'departamentos.index', NULL, '2018-08-27 10:00:00', '2018-08-27 10:00:00'),
(76, 'ciudades', 'ciudades.index', NULL, '2018-08-27 10:00:00', '2018-08-27 10:00:00'),
(77, 'parametrizacion de codig', 'parcod.index', NULL, '2018-08-27 10:00:00', '2018-08-27 10:00:00'),
(78, 'miperfil', 'miperfil.index', NULL, '2018-08-27 10:00:00', '2018-08-27 10:00:00'),
(79, 'mensajeria radicado', 'mensajeriaradicado', 'mensajeriaradicado', NULL, NULL),
(80, 'Ver boton correspondencia admin', 'correspondenciaadmin', 'Permite ver botos para la vista correspondencia administradores', '2018-07-10 02:05:37', '2018-07-10 02:05:37'),
(81, 'creacion de usuario para administrador', 'estadosusuario.create', 'creacion de usuario para administrador', '2018-05-30 11:49:48', '2018-10-01 14:08:37'),
(82, 'permiso de ruta para crear usuario para aministrador', 'estadosusuario.index', 'permiso de ruta para crear usuario para aministrador', '2018-05-30 11:49:48', '2018-10-01 14:08:37'),
(83, 'permiso ver boton cargar radicado cvs', 'cargarradicadocvs', 'permiso ver boton cargar radicado cvs', '2018-05-30 11:49:48', '2018-10-01 14:08:37');

-- --------------------------------------------------------

--
-- Estructura de tabla para la tabla `permission_role`
--

CREATE TABLE `permission_role` (
  `id` int(10) UNSIGNED NOT NULL,
  `permission_id` int(10) UNSIGNED NOT NULL,
  `role_id` int(10) UNSIGNED NOT NULL,
  `created_at` timestamp NULL DEFAULT NULL,
  `updated_at` timestamp NULL DEFAULT NULL
) ENGINE=InnoDB DEFAULT CHARSET=utf8mb4 COLLATE=utf8mb4_unicode_ci;

--
-- Volcado de datos para la tabla `permission_role`
--

INSERT INTO `permission_role` (`id`, `permission_id`, `role_id`, `created_at`, `updated_at`) VALUES
(11, 3, 24, '2018-08-30 08:44:05', '0000-00-00 00:00:00'),
(12, 6, 24, '2018-08-30 08:44:05', '0000-00-00 00:00:00'),
(14, 5, 24, '2018-08-30 08:44:05', '0000-00-00 00:00:00'),
(15, 6, 24, '2018-08-30 08:44:05', '0000-00-00 00:00:00'),
(17, 3, 23, '2018-08-30 08:44:05', '0000-00-00 00:00:00'),
(19, 4, 24, '2018-08-30 08:44:05', '0000-00-00 00:00:00'),
(20, 9, 24, '2018-08-30 08:44:05', '0000-00-00 00:00:00'),
(30, 46, 23, '2018-08-30 08:44:05', '0000-00-00 00:00:00'),
(31, 47, 23, '2018-08-30 08:44:05', '0000-00-00 00:00:00'),
(32, 47, 24, '2018-08-30 08:44:05', '0000-00-00 00:00:00'),
(33, 46, 24, '2018-08-30 08:44:05', '0000-00-00 00:00:00'),
(34, 48, 24, '2018-08-30 08:44:05', '0000-00-00 00:00:00'),
(35, 50, 24, '2018-08-30 08:44:05', '0000-00-00 00:00:00'),
(36, 51, 24, '2018-08-30 08:44:05', '0000-00-00 00:00:00'),
(37, 50, 24, '2018-08-30 08:44:05', '0000-00-00 00:00:00'),
(41, 53, 24, NULL, NULL),
(42, 54, 24, NULL, NULL),
(43, 55, 24, NULL, NULL),
(44, 56, 24, NULL, NULL),
(45, 57, 24, NULL, NULL),
(46, 58, 24, '2018-08-27 10:00:00', '2018-08-27 10:00:00'),
(47, 59, 24, NULL, NULL),
(48, 60, 24, '2018-08-27 10:00:00', '2018-08-27 10:00:00'),
(49, 61, 24, '2018-08-27 10:00:00', '2018-08-27 10:00:00'),
(50, 62, 24, NULL, NULL),
(51, 69, 24, '2018-08-27 10:00:00', '2018-08-27 10:00:00'),
(52, 70, 24, '2018-08-27 10:00:00', '2018-08-27 10:00:00'),
(53, 71, 24, '2018-08-27 10:00:00', '2018-08-27 10:00:00'),
(54, 72, 24, '2018-08-27 10:00:00', '2018-08-27 10:00:00'),
(55, 73, 24, '2018-08-27 10:00:00', '2018-08-27 10:00:00'),
(56, 74, 24, '0000-00-00 00:00:00', '0000-00-00 00:00:00'),
(57, 75, 24, '2018-08-27 10:00:00', '2018-08-27 10:00:00'),
(58, 76, 24, '2018-08-27 10:00:00', '2018-08-27 10:00:00'),
(59, 77, 24, '2018-08-27 10:00:00', '2018-08-27 10:00:00'),
(60, 57, 23, '2018-08-27 10:00:00', '2018-08-27 10:00:00'),
(61, 78, 24, '2018-08-27 10:00:00', '2018-08-27 10:00:00'),
(62, 78, 23, '2018-08-27 10:00:00', '2018-08-27 10:00:00'),
(63, 79, 24, NULL, NULL),
(64, 80, 22, '2018-08-30 08:44:05', '0000-00-00 00:00:00'),
(65, 70, 22, '2018-08-27 10:00:00', '2018-08-27 10:00:00'),
(66, 69, 22, '2018-08-27 10:00:00', '2018-08-27 10:00:00'),
(67, 62, 22, NULL, NULL),
(68, 61, 22, '2018-08-27 10:00:00', '2018-08-27 10:00:00'),
(69, 60, 22, '2018-08-27 10:00:00', '2018-08-27 10:00:00'),
(70, 71, 22, '2018-08-27 10:00:00', '2018-08-27 10:00:00'),
(71, 72, 22, '2018-08-27 10:00:00', '2018-08-27 10:00:00'),
(72, 73, 22, '2018-08-27 10:00:00', '2018-08-27 10:00:00'),
(73, 74, 22, '0000-00-00 00:00:00', '0000-00-00 00:00:00'),
(74, 75, 22, '2018-08-27 10:00:00', '2018-08-27 10:00:00'),
(75, 76, 22, '2018-08-27 10:00:00', '2018-08-27 10:00:00'),
(76, 77, 22, '2018-08-27 10:00:00', '2018-08-27 10:00:00'),
(77, 78, 22, '2018-08-27 10:00:00', '2018-08-27 10:00:00'),
(78, 59, 22, NULL, NULL),
(79, 58, 22, '2018-08-27 10:00:00', '2018-08-27 10:00:00'),
(80, 57, 22, NULL, NULL),
(81, 6, 22, '2018-08-30 08:44:05', '0000-00-00 00:00:00'),
(82, 5, 22, '2018-08-30 08:44:05', '0000-00-00 00:00:00'),
(83, 6, 22, '2018-08-30 08:44:05', '0000-00-00 00:00:00'),
(84, 4, 22, '2018-08-30 08:44:05', '0000-00-00 00:00:00'),
(85, 9, 22, '2018-08-30 08:44:05', '0000-00-00 00:00:00'),
(86, 47, 22, '2018-08-30 08:44:05', '0000-00-00 00:00:00'),
(87, 46, 22, '2018-08-30 08:44:05', '0000-00-00 00:00:00'),
(88, 48, 22, '2018-08-30 08:44:05', '0000-00-00 00:00:00'),
(89, 50, 22, '2018-08-30 08:44:05', '0000-00-00 00:00:00'),
(90, 51, 22, '2018-08-30 08:44:05', '0000-00-00 00:00:00'),
(91, 50, 22, '2018-08-30 08:44:05', '0000-00-00 00:00:00'),
(92, 53, 22, NULL, NULL),
(93, 54, 22, NULL, '0000-00-00 00:00:00'),
(94, 2, 22, '2018-05-30 11:49:48', '2018-10-01 14:08:37'),
(95, 1, 22, '2018-05-30 11:49:48', '2018-10-01 14:08:37'),
(96, 81, 22, '2018-05-30 11:49:48', '2018-10-01 14:08:37'),
(97, 82, 22, '2018-05-30 11:49:48', '2018-10-01 14:08:37'),
(99, 55, 22, '2018-05-30 11:49:48', '2018-10-01 14:08:37'),
(100, 83, 22, '2018-05-30 11:49:48', '2018-10-01 14:08:37'),
(101, 82, 22, NULL, NULL);

-- --------------------------------------------------------

--
-- Estructura de tabla para la tabla `permission_user`
--

CREATE TABLE `permission_user` (
  `id` int(10) UNSIGNED NOT NULL,
  `permission_id` int(10) UNSIGNED NOT NULL,
  `user_id` int(10) UNSIGNED NOT NULL,
  `created_at` timestamp NULL DEFAULT NULL,
  `updated_at` timestamp NULL DEFAULT NULL
) ENGINE=InnoDB DEFAULT CHARSET=utf8mb4 COLLATE=utf8mb4_unicode_ci;

-- --------------------------------------------------------

--
-- Estructura de tabla para la tabla `personas`
--

CREATE TABLE `personas` (
  `id` int(10) UNSIGNED NOT NULL,
  `primer_nombre` varchar(50) COLLATE utf8mb4_unicode_ci DEFAULT NULL,
  `segundo_nombre` varchar(50) COLLATE utf8mb4_unicode_ci DEFAULT NULL,
  `primer_apellido` varchar(50) COLLATE utf8mb4_unicode_ci DEFAULT NULL,
  `segundo_apellido` varchar(50) COLLATE utf8mb4_unicode_ci DEFAULT NULL,
  `tipoidentificacion_id` int(10) UNSIGNED DEFAULT NULL,
  `identificacion` varchar(20) COLLATE utf8mb4_unicode_ci DEFAULT NULL,
  `telefono_fijo` varchar(10) COLLATE utf8mb4_unicode_ci DEFAULT NULL,
  `telefono_movil` varchar(12) COLLATE utf8mb4_unicode_ci DEFAULT NULL,
  `email` varchar(50) COLLATE utf8mb4_unicode_ci DEFAULT NULL,
  `direccion` varchar(50) COLLATE utf8mb4_unicode_ci DEFAULT NULL,
  `pais_id` int(10) UNSIGNED DEFAULT NULL,
  `departamento_id` int(10) UNSIGNED DEFAULT NULL,
  `ciudad_id` int(10) UNSIGNED DEFAULT NULL,
  `ocupacion` varchar(50) COLLATE utf8mb4_unicode_ci DEFAULT NULL,
  `created_at` timestamp NULL DEFAULT NULL,
  `updated_at` timestamp NULL DEFAULT NULL
) ENGINE=InnoDB DEFAULT CHARSET=utf8mb4 COLLATE=utf8mb4_unicode_ci;

--
-- Volcado de datos para la tabla `personas`
--

INSERT INTO `personas` (`id`, `primer_nombre`, `segundo_nombre`, `primer_apellido`, `segundo_apellido`, `tipoidentificacion_id`, `identificacion`, `telefono_fijo`, `telefono_movil`, `email`, `direccion`, `pais_id`, `departamento_id`, `ciudad_id`, `ocupacion`, `created_at`, `updated_at`) VALUES
(1, 'maria', NULL, 'cuesta', 'casas', 1, '3423423', '235432', '345345', 'pruebascorreosbernaldos@gmail.com', '345435345dfsd', 1, 3, 273, 'tec', '2018-12-31 04:35:25', '2018-12-31 04:35:25'),
(2, 'HURTADO CAICEDO CALIXTO', NULL, NULL, NULL, 1, '4679671', NULL, NULL, NULL, NULL, NULL, NULL, NULL, NULL, '2018-12-31 05:23:42', '2018-12-31 05:23:42'),
(3, 'HURTADO CAICEDO CALIXTO', NULL, NULL, NULL, 1, '4679671', NULL, NULL, NULL, NULL, NULL, NULL, NULL, NULL, '2018-12-31 07:47:33', '2018-12-31 07:47:33'),
(4, 'HURTADO CAICEDO CALIXTO', NULL, NULL, NULL, 1, '4679671', NULL, NULL, NULL, NULL, NULL, NULL, NULL, NULL, '2018-12-31 07:47:39', '2018-12-31 07:47:39'),
(5, 'HURTADO CAICEDO CALIXTO', NULL, NULL, NULL, 1, '4679671', NULL, NULL, NULL, NULL, NULL, NULL, NULL, NULL, '2018-12-31 07:48:26', '2018-12-31 07:48:26'),
(6, 'HURTADO CAICEDO CALIXTO', NULL, NULL, NULL, 1, '4679671', NULL, NULL, NULL, NULL, NULL, NULL, NULL, NULL, '2018-12-31 07:48:31', '2018-12-31 07:48:31'),
(7, 'HURTADO CAICEDO CALIXTO', NULL, NULL, NULL, 1, '4679671', NULL, NULL, NULL, NULL, NULL, NULL, NULL, NULL, '2018-12-31 07:53:12', '2018-12-31 07:53:12'),
(8, 'HURTADO CAICEDO CALIXTO', NULL, NULL, NULL, 1, '4679671', NULL, NULL, NULL, NULL, NULL, NULL, NULL, NULL, '2018-12-31 07:53:15', '2018-12-31 07:53:15'),
(9, 'HURTADO CAICEDO CALIXTO', NULL, NULL, NULL, 1, '4679671', NULL, NULL, NULL, NULL, NULL, NULL, NULL, NULL, '2018-12-31 07:55:29', '2018-12-31 07:55:29'),
(10, 'HURTADO CAICEDO CALIXTO', NULL, NULL, NULL, 1, '4679671', NULL, NULL, NULL, NULL, NULL, NULL, NULL, NULL, '2018-12-31 07:55:50', '2018-12-31 07:55:50'),
(11, 'HURTADO CAICEDO CALIXTO', NULL, NULL, NULL, 1, '4679671', NULL, NULL, NULL, NULL, NULL, NULL, NULL, NULL, '2018-12-31 07:56:11', '2018-12-31 07:56:11'),
(12, 'HURTADO CAICEDO CALIXTO', NULL, NULL, NULL, 1, '4679671', NULL, NULL, NULL, NULL, NULL, NULL, NULL, NULL, '2018-12-31 07:56:51', '2018-12-31 07:56:51'),
(13, 'HURTADO CAICEDO CALIXTO', NULL, NULL, NULL, 1, '4679671', NULL, NULL, NULL, NULL, NULL, NULL, NULL, NULL, '2018-12-31 07:57:07', '2018-12-31 07:57:07'),
(14, 'HURTADO CAICEDO CALIXTO', NULL, NULL, NULL, 1, '4679671', NULL, NULL, NULL, NULL, NULL, NULL, NULL, NULL, '2018-12-31 07:57:30', '2018-12-31 07:57:30'),
(15, 'HURTADO CAICEDO CALIXTO', NULL, NULL, NULL, 1, '4679671', NULL, NULL, NULL, NULL, NULL, NULL, NULL, NULL, '2018-12-31 07:57:51', '2018-12-31 07:57:51'),
(16, 'HURTADO CAICEDO CALIXTO', NULL, NULL, NULL, 1, '4679671', NULL, NULL, NULL, NULL, NULL, NULL, NULL, NULL, '2018-12-31 07:58:59', '2018-12-31 07:58:59'),
(17, 'HURTADO CAICEDO CALIXTO', NULL, NULL, NULL, 1, '4679671', NULL, NULL, NULL, NULL, NULL, NULL, NULL, NULL, '2018-12-31 07:59:02', '2018-12-31 07:59:02'),
(18, 'HURTADO CAICEDO CALIXTO', NULL, NULL, NULL, 1, '4679671', NULL, NULL, NULL, NULL, NULL, NULL, NULL, NULL, '2018-12-31 08:01:03', '2018-12-31 08:01:03'),
(19, 'HURTADO CAICEDO CALIXTO', NULL, NULL, NULL, 1, '4679671', NULL, NULL, NULL, NULL, NULL, NULL, NULL, NULL, '2018-12-31 08:01:07', '2018-12-31 08:01:07'),
(20, 'HURTADO CAICEDO CALIXTO', NULL, NULL, NULL, 1, '4679671', NULL, NULL, NULL, NULL, NULL, NULL, NULL, NULL, '2018-12-31 08:02:22', '2018-12-31 08:02:22'),
(21, 'HURTADO CAICEDO CALIXTO', NULL, NULL, NULL, 1, '4679671', NULL, NULL, NULL, NULL, NULL, NULL, NULL, NULL, '2018-12-31 08:02:25', '2018-12-31 08:02:25'),
(22, 'HURTADO CAICEDO CALIXTO', NULL, NULL, NULL, 1, '4679671', NULL, NULL, NULL, NULL, NULL, NULL, NULL, NULL, '2018-12-31 08:03:13', '2018-12-31 08:03:13'),
(23, 'HURTADO CAICEDO CALIXTO', NULL, NULL, NULL, 1, '4679671', NULL, NULL, NULL, NULL, NULL, NULL, NULL, NULL, '2018-12-31 08:03:19', '2018-12-31 08:03:19'),
(24, 'HURTADO CAICEDO CALIXTO', NULL, NULL, NULL, 1, '4679671', NULL, NULL, NULL, NULL, NULL, NULL, NULL, NULL, '2018-12-31 08:06:59', '2018-12-31 08:06:59'),
(25, 'HURTADO CAICEDO CALIXTO', NULL, NULL, NULL, 1, '4679671', NULL, NULL, NULL, NULL, NULL, NULL, NULL, NULL, '2018-12-31 08:07:02', '2018-12-31 08:07:02'),
(26, 'HURTADO CAICEDO CALIXTO', NULL, NULL, NULL, 1, '4679671', NULL, NULL, NULL, NULL, NULL, NULL, NULL, NULL, '2018-12-31 08:08:19', '2018-12-31 08:08:19'),
(27, 'HURTADO CAICEDO CALIXTO', NULL, NULL, NULL, 1, '4679671', NULL, NULL, NULL, NULL, NULL, NULL, NULL, NULL, '2018-12-31 08:08:22', '2018-12-31 08:08:22'),
(28, 'HURTADO CAICEDO CALIXTO', NULL, NULL, NULL, 1, '4679671', NULL, NULL, NULL, NULL, NULL, NULL, NULL, NULL, '2018-12-31 08:08:45', '2018-12-31 08:08:45'),
(29, 'HURTADO CAICEDO CALIXTO', NULL, NULL, NULL, 1, '4679671', NULL, NULL, NULL, NULL, NULL, NULL, NULL, NULL, '2018-12-31 08:08:48', '2018-12-31 08:08:48'),
(30, 'HURTADO CAICEDO CALIXTO', NULL, NULL, NULL, 1, '4679671', NULL, NULL, NULL, NULL, NULL, NULL, NULL, NULL, '2018-12-31 08:09:36', '2018-12-31 08:09:36'),
(31, 'HURTADO CAICEDO CALIXTO', NULL, NULL, NULL, 1, '4679671', NULL, NULL, NULL, NULL, NULL, NULL, NULL, NULL, '2018-12-31 08:09:39', '2018-12-31 08:09:39'),
(32, 'HURTADO CAICEDO CALIXTO', NULL, NULL, NULL, 1, '4679671', NULL, NULL, NULL, NULL, NULL, NULL, NULL, NULL, '2018-12-31 08:13:23', '2018-12-31 08:13:23'),
(33, 'HURTADO CAICEDO CALIXTO', NULL, NULL, NULL, 1, '4679671', NULL, NULL, NULL, NULL, NULL, NULL, NULL, NULL, '2018-12-31 08:13:27', '2018-12-31 08:13:27'),
(34, 'HURTADO CAICEDO CALIXTO', NULL, NULL, NULL, 1, '4679671', NULL, NULL, NULL, NULL, NULL, NULL, NULL, NULL, '2018-12-31 08:17:40', '2018-12-31 08:17:40'),
(35, 'HURTADO CAICEDO CALIXTO', NULL, NULL, NULL, 1, '4679671', NULL, NULL, NULL, NULL, NULL, NULL, NULL, NULL, '2018-12-31 08:17:43', '2018-12-31 08:17:43'),
(36, 'HURTADO CAICEDO CALIXTO', NULL, NULL, NULL, 1, '4679671', NULL, NULL, NULL, NULL, NULL, NULL, NULL, NULL, '2018-12-31 08:19:30', '2018-12-31 08:19:30'),
(37, 'HURTADO CAICEDO CALIXTO', NULL, NULL, NULL, 1, '4679671', NULL, NULL, NULL, NULL, NULL, NULL, NULL, NULL, '2018-12-31 08:19:33', '2018-12-31 08:19:33'),
(38, 'HURTADO CAICEDO CALIXTO', NULL, NULL, NULL, 1, '4679671', NULL, NULL, NULL, NULL, NULL, NULL, NULL, NULL, '2018-12-31 08:19:35', '2018-12-31 08:19:35'),
(39, 'HURTADO CAICEDO CALIXTO', NULL, NULL, NULL, 1, '4679671', NULL, NULL, NULL, NULL, NULL, NULL, NULL, NULL, '2018-12-31 08:19:38', '2018-12-31 08:19:38'),
(40, 'HURTADO CAICEDO CALIXTO', NULL, NULL, NULL, 1, '4679671', NULL, NULL, NULL, NULL, NULL, NULL, NULL, NULL, '2018-12-31 08:19:41', '2018-12-31 08:19:41'),
(41, 'HURTADO CAICEDO CALIXTO', NULL, NULL, NULL, 1, '4679671', NULL, NULL, NULL, NULL, NULL, NULL, NULL, NULL, '2018-12-31 08:19:44', '2018-12-31 08:19:44'),
(42, 'HURTADO CAICEDO CALIXTO', NULL, NULL, NULL, 1, '4679671', NULL, NULL, NULL, NULL, NULL, NULL, NULL, NULL, '2018-12-31 08:20:50', '2018-12-31 08:20:50'),
(43, 'HURTADO CAICEDO CALIXTO', NULL, NULL, NULL, 1, '4679671', NULL, NULL, NULL, NULL, NULL, NULL, NULL, NULL, '2018-12-31 08:20:52', '2018-12-31 08:20:52'),
(44, 'HURTADO CAICEDO CALIXTO', NULL, NULL, NULL, 1, '4679671', NULL, NULL, NULL, NULL, NULL, NULL, NULL, NULL, '2018-12-31 08:22:30', '2018-12-31 08:22:30'),
(45, 'HURTADO CAICEDO CALIXTO', NULL, NULL, NULL, 1, '4679671', NULL, NULL, NULL, NULL, NULL, NULL, NULL, NULL, '2018-12-31 08:22:32', '2018-12-31 08:22:32'),
(46, 'HURTADO CAICEDO CALIXTO', NULL, NULL, NULL, 1, '4679671', NULL, NULL, NULL, NULL, NULL, NULL, NULL, NULL, '2018-12-31 08:22:35', '2018-12-31 08:22:35'),
(47, 'HURTADO CAICEDO CALIXTO', NULL, NULL, NULL, 1, '4679671', NULL, NULL, NULL, NULL, NULL, NULL, NULL, NULL, '2018-12-31 08:22:38', '2018-12-31 08:22:38'),
(48, 'HURTADO CAICEDO CALIXTO', NULL, NULL, NULL, 1, '4679671', NULL, NULL, NULL, NULL, NULL, NULL, NULL, NULL, '2018-12-31 08:22:40', '2018-12-31 08:22:40'),
(49, 'HURTADO CAICEDO CALIXTO', NULL, NULL, NULL, 1, '4679671', NULL, NULL, NULL, NULL, NULL, NULL, NULL, NULL, '2018-12-31 08:22:43', '2018-12-31 08:22:43');

-- --------------------------------------------------------

--
-- Estructura de tabla para la tabla `radicados`
--

CREATE TABLE `radicados` (
  `id` int(10) UNSIGNED NOT NULL,
  `RaNumero` varchar(30) COLLATE utf8mb4_unicode_ci DEFAULT NULL,
  `RaUsuarioAsignar` varchar(10) COLLATE utf8mb4_unicode_ci DEFAULT NULL,
  `RaDesPersona` int(5) DEFAULT NULL,
  `RaNoGuia` varchar(191) COLLATE utf8mb4_unicode_ci DEFAULT NULL,
  `RaNoElementos` varchar(191) COLLATE utf8mb4_unicode_ci DEFAULT NULL,
  `RaAsunto` varchar(191) COLLATE utf8mb4_unicode_ci DEFAULT NULL,
  `RaObservaciones` varchar(191) COLLATE utf8mb4_unicode_ci DEFAULT NULL,
  `RaFechaHoraEsperadaTramite` varchar(191) COLLATE utf8mb4_unicode_ci DEFAULT NULL,
  `created_at` varchar(30) COLLATE utf8mb4_unicode_ci DEFAULT NULL,
  `Archivos_Id` int(10) UNSIGNED DEFAULT NULL,
  `RaUsuario` int(10) UNSIGNED DEFAULT NULL,
  `RaEstado` int(10) UNSIGNED DEFAULT NULL,
  `RaTipo` int(10) UNSIGNED DEFAULT NULL,
  `RaSitio` int(10) UNSIGNED DEFAULT NULL,
  `RaTipoDocumental` int(10) UNSIGNED DEFAULT NULL,
  `RaIdReferencia` int(10) UNSIGNED DEFAULT NULL,
  `RaCourier` int(10) UNSIGNED DEFAULT NULL,
  `RaTiposSolicitud` int(10) UNSIGNED DEFAULT NULL,
  `RaGestionId` int(10) DEFAULT NULL,
  `RaFechaVencimiento` text COLLATE utf8mb4_unicode_ci,
  `RaFechaVencimiento2` text COLLATE utf8mb4_unicode_ci,
  `RaFechaCierre` varchar(20) COLLATE utf8mb4_unicode_ci DEFAULT NULL,
  `RaTipoTiempo` int(11) DEFAULT NULL
) ENGINE=InnoDB DEFAULT CHARSET=utf8mb4 COLLATE=utf8mb4_unicode_ci;

--
-- Volcado de datos para la tabla `radicados`
--

INSERT INTO `radicados` (`id`, `RaNumero`, `RaUsuarioAsignar`, `RaDesPersona`, `RaNoGuia`, `RaNoElementos`, `RaAsunto`, `RaObservaciones`, `RaFechaHoraEsperadaTramite`, `created_at`, `Archivos_Id`, `RaUsuario`, `RaEstado`, `RaTipo`, `RaSitio`, `RaTipoDocumental`, `RaIdReferencia`, `RaCourier`, `RaTiposSolicitud`, `RaGestionId`, `RaFechaVencimiento`, `RaFechaVencimiento2`, `RaFechaCierre`, `RaTipoTiempo`) VALUES
(4, 's5520519', '1', 1, '0', '0', 'radicado uno', 'dfrfsdfdssf', NULL, '2018-12-30 23:35:41', NULL, 1, 2, 2, 4, 0, NULL, 4, 3, 1, '2019-01-09', '2019-01-06', NULL, 1),
(5, 's3528719', '1', 1, '0', '0', 'primera prueba de radicado', 'primera prueba de radicado', NULL, '2018-12-31 00:15:04', NULL, 1, 2, 2, 5, 0, NULL, 4, 3, 2, '2019-01-02', '2018-12-31', NULL, 2),
(7, 's7780219', '1', 1, '0', '0', 'primera prueba de radicado', 'all to undefined method Maatwebsite\\Excel\\Excel::load()', NULL, '2018-12-31 01:55:50', NULL, 1, 2, 2, 5, 0, NULL, 4, 3, 1, '2019-01-10', '2019-01-07', NULL, 3),
(42, 'eDS2725119', '1', 44, NULL, '1', '64184PQR', 'EL USUARIO SOLICITA REINSTALACION DEL SERVICIO SE ENCONTRABA TEMPORALMENTE SUSPENDIDO.1', NULL, '2018-12-31 03:22', NULL, 1, 1, 1, 6, 8, NULL, NULL, 1, NULL, '2019-01-15', '2019-01-12', NULL, 3),
(43, 'eDS9816819', '1', 45, NULL, '2', '59402PQR', 'EL USUARIO SOLICITA REINSTALACION DEL SERVICIO SE ENCONTRABA TEMPORALMENTE SUSPENDIDO.2', NULL, '2018-12-31 03:22', NULL, 1, 1, 1, 6, 8, NULL, NULL, 1, NULL, '2019-01-15', '2019-01-12', NULL, 3),
(44, 'eDS5754119', '1', 46, NULL, '3', '70109PQR', 'EL USUARIO SOLICITA REINSTALACION DEL SERVICIO SE ENCONTRABA TEMPORALMENTE SUSPENDIDO.3', NULL, '2018-12-31 03:22', NULL, 1, 1, 1, 6, 8, NULL, NULL, 1, NULL, '2019-01-15', '2019-01-12', NULL, 3),
(45, 'eDS3887619', '1', 47, NULL, '4', '29456PQR', 'EL USUARIO SOLICITA REINSTALACION DEL SERVICIO SE ENCONTRABA TEMPORALMENTE SUSPENDIDO.4', NULL, '2018-12-31 03:22', NULL, 1, 1, 1, 6, 8, NULL, NULL, 1, NULL, '2019-01-15', '2019-01-12', NULL, 3),
(46, 'eDS2407719', '1', 48, NULL, '5', '18500PQR', 'EL USUARIO SOLICITA REINSTALACION DEL SERVICIO SE ENCONTRABA TEMPORALMENTE SUSPENDIDO.5', NULL, '2018-12-31 03:22', NULL, 1, 1, 1, 6, 8, NULL, NULL, 1, NULL, '2019-01-15', '2019-01-12', NULL, 3),
(47, 'eDS6152719', '1', 49, NULL, '6', '91266PQR', 'EL USUARIO SOLICITA REINSTALACION DEL SERVICIO SE ENCONTRABA TEMPORALMENTE SUSPENDIDO.6', NULL, '2018-12-31 03:22', NULL, 1, 1, 1, 6, 8, NULL, NULL, 1, NULL, '2019-01-15', '2019-01-12', NULL, 3),
(48, 's9450819', '1', 17, '0', '0', 'primera prueba de radicado', 'wqweqwqwdwqd', NULL, '2019-01-01 23:45:14', NULL, 1, 2, 2, 4, 0, NULL, 4, 2, 1, '2019-01-21', '2019-01-18', NULL, 3),
(49, 'e6914419', '1', 0, '0', '0', 'primer radicado', 'fvvv', NULL, '2019-01-24', NULL, 1, 2, 1, 6, 0, NULL, 4, 1, 10, '2019-01-12', '2019-01-09', '2019-01-02', 10);

-- --------------------------------------------------------

--
-- Estructura de tabla para la tabla `radicados_asociados`
--

CREATE TABLE `radicados_asociados` (
  `id` int(10) UNSIGNED NOT NULL,
  `RasRadicados` int(11) NOT NULL,
  `RasRadcadoAsociado` varchar(11) COLLATE utf8mb4_unicode_ci DEFAULT NULL,
  `created_at` timestamp NULL DEFAULT NULL,
  `updated_at` timestamp NULL DEFAULT NULL
) ENGINE=InnoDB DEFAULT CHARSET=utf8mb4 COLLATE=utf8mb4_unicode_ci;

--
-- Volcado de datos para la tabla `radicados_asociados`
--

INSERT INTO `radicados_asociados` (`id`, `RasRadicados`, `RasRadcadoAsociado`, `created_at`, `updated_at`) VALUES
(1, 4, '0', '2018-12-31 04:35:41', '2018-12-31 04:35:41'),
(2, 5, '0', '2018-12-31 05:15:04', '2018-12-31 05:15:04'),
(3, 6, '0', '2018-12-31 05:23:43', '2018-12-31 05:23:43'),
(4, 7, '0', '2018-12-31 06:55:51', '2018-12-31 06:55:51'),
(5, 8, '0', '2018-12-31 07:47:33', '2018-12-31 07:47:33'),
(6, 9, '0', '2018-12-31 07:47:40', '2018-12-31 07:47:40'),
(7, 10, '0', '2018-12-31 07:48:26', '2018-12-31 07:48:26'),
(8, 11, '0', '2018-12-31 07:48:31', '2018-12-31 07:48:31'),
(9, 12, '0', '2018-12-31 07:53:12', '2018-12-31 07:53:12'),
(10, 13, '0', '2018-12-31 07:53:16', '2018-12-31 07:53:16'),
(11, 14, '0', '2018-12-31 07:58:59', '2018-12-31 07:58:59'),
(12, 15, '0', '2018-12-31 07:59:02', '2018-12-31 07:59:02'),
(13, 16, '0', '2018-12-31 08:01:04', '2018-12-31 08:01:04'),
(14, 17, '0', '2018-12-31 08:01:07', '2018-12-31 08:01:07'),
(15, 18, '0', '2018-12-31 08:02:22', '2018-12-31 08:02:22'),
(16, 19, '0', '2018-12-31 08:02:25', '2018-12-31 08:02:25'),
(17, 20, '0', '2018-12-31 08:03:15', '2018-12-31 08:03:15'),
(18, 21, '0', '2018-12-31 08:03:19', '2018-12-31 08:03:19'),
(19, 22, '0', '2018-12-31 08:06:59', '2018-12-31 08:06:59'),
(20, 23, '0', '2018-12-31 08:07:02', '2018-12-31 08:07:02'),
(21, 24, '0', '2018-12-31 08:08:19', '2018-12-31 08:08:19'),
(22, 25, '0', '2018-12-31 08:08:22', '2018-12-31 08:08:22'),
(23, 26, '0', '2018-12-31 08:08:45', '2018-12-31 08:08:45'),
(24, 27, '0', '2018-12-31 08:08:48', '2018-12-31 08:08:48'),
(25, 28, '0', '2018-12-31 08:09:36', '2018-12-31 08:09:36'),
(26, 29, '0', '2018-12-31 08:09:39', '2018-12-31 08:09:39'),
(27, 30, '0', '2018-12-31 08:13:24', '2018-12-31 08:13:24'),
(28, 31, '0', '2018-12-31 08:13:27', '2018-12-31 08:13:27'),
(29, 32, '0', '2018-12-31 08:17:41', '2018-12-31 08:17:41'),
(30, 33, '0', '2018-12-31 08:17:43', '2018-12-31 08:17:43'),
(31, 34, '0', '2018-12-31 08:19:30', '2018-12-31 08:19:30'),
(32, 35, '0', '2018-12-31 08:19:33', '2018-12-31 08:19:33'),
(33, 36, '0', '2018-12-31 08:19:35', '2018-12-31 08:19:35'),
(34, 37, '0', '2018-12-31 08:19:38', '2018-12-31 08:19:38'),
(35, 38, '0', '2018-12-31 08:19:41', '2018-12-31 08:19:41'),
(36, 39, '0', '2018-12-31 08:19:44', '2018-12-31 08:19:44'),
(37, 40, '0', '2018-12-31 08:20:50', '2018-12-31 08:20:50'),
(38, 41, '0', '2018-12-31 08:20:53', '2018-12-31 08:20:53'),
(39, 42, '0', '2018-12-31 08:22:30', '2018-12-31 08:22:30'),
(40, 43, '0', '2018-12-31 08:22:33', '2018-12-31 08:22:33'),
(41, 44, '0', '2018-12-31 08:22:35', '2018-12-31 08:22:35'),
(42, 45, '0', '2018-12-31 08:22:38', '2018-12-31 08:22:38'),
(43, 46, '0', '2018-12-31 08:22:41', '2018-12-31 08:22:41'),
(44, 47, '0', '2018-12-31 08:22:43', '2018-12-31 08:22:43'),
(45, 48, '0', '2019-01-02 04:45:14', '2019-01-02 04:45:14'),
(46, 49, '0', '2019-01-02 05:03:59', '2019-01-02 05:03:59');

-- --------------------------------------------------------

--
-- Estructura de tabla para la tabla `remitentes`
--

CREATE TABLE `remitentes` (
  `ReId` int(10) UNSIGNED NOT NULL,
  `ReRadicado` int(10) UNSIGNED NOT NULL,
  `RePersona` int(10) UNSIGNED NOT NULL
) ENGINE=InnoDB DEFAULT CHARSET=utf8mb4 COLLATE=utf8mb4_unicode_ci;

--
-- Volcado de datos para la tabla `remitentes`
--

INSERT INTO `remitentes` (`ReId`, `ReRadicado`, `RePersona`) VALUES
(1, 4, 1),
(2, 5, 1),
(3, 7, 1),
(4, 48, 17),
(5, 49, 48);

-- --------------------------------------------------------

--
-- Estructura de tabla para la tabla `roles`
--

CREATE TABLE `roles` (
  `id` int(10) UNSIGNED NOT NULL,
  `name` varchar(191) COLLATE utf8mb4_unicode_ci NOT NULL,
  `slug` varchar(191) COLLATE utf8mb4_unicode_ci NOT NULL,
  `descripcion` text COLLATE utf8mb4_unicode_ci,
  `created_at` timestamp NULL DEFAULT NULL,
  `updated_at` timestamp NULL DEFAULT NULL,
  `special` enum('all-access','no-access') COLLATE utf8mb4_unicode_ci DEFAULT NULL
) ENGINE=InnoDB DEFAULT CHARSET=utf8mb4 COLLATE=utf8mb4_unicode_ci;

--
-- Volcado de datos para la tabla `roles`
--

INSERT INTO `roles` (`id`, `name`, `slug`, `descripcion`, `created_at`, `updated_at`, `special`) VALUES
(22, 'Administrador', 'Administrador', 'Control total para radicar', '2018-07-16 17:20:39', '2018-07-16 17:20:39', ''),
(23, 'Usuario interno', 'Usuario interno', 've el modulo de gestion de correspondencia,  bitacoras  y mi usuario', '2018-07-16 17:20:39', '2018-07-16 17:20:39', NULL),
(24, 'Radicador', 'Radicador', 've el modulo de radicacion, gestion de correspondencia, parametrizaciones, bitacoras y mi usuario', '2018-07-16 17:20:39', '2018-07-16 17:20:39', NULL),
(25, 'super-Administrador', 'super-Administrador', 'Control total ', '2018-07-16 17:20:39', '2018-07-16 17:20:39', 'all-access');

-- --------------------------------------------------------

--
-- Estructura de tabla para la tabla `role_user`
--

CREATE TABLE `role_user` (
  `id` int(10) UNSIGNED NOT NULL,
  `role_id` int(10) UNSIGNED NOT NULL,
  `user_id` int(10) UNSIGNED NOT NULL,
  `created_at` timestamp NULL DEFAULT NULL,
  `updated_at` timestamp NULL DEFAULT NULL
) ENGINE=InnoDB DEFAULT CHARSET=utf8mb4 COLLATE=utf8mb4_unicode_ci;

--
-- Volcado de datos para la tabla `role_user`
--

INSERT INTO `role_user` (`id`, `role_id`, `user_id`, `created_at`, `updated_at`) VALUES
(4, 22, 1, '2018-07-08 01:00:00', '2018-07-08 01:00:00'),
(5, 24, 3, '2018-07-08 01:00:00', '2018-07-08 01:00:00'),
(6, 23, 2, '2018-07-08 01:00:00', '2018-07-08 01:00:00'),
(7, 24, 4, '2018-10-16 11:08:16', '2018-10-16 11:08:16'),
(8, 24, 5, '2018-10-16 11:09:08', '2018-10-16 11:09:08'),
(9, 24, 6, '2018-11-10 15:38:11', '2018-11-10 15:38:11'),
(10, 24, 7, '2018-11-11 06:27:59', '2018-11-11 06:27:59'),
(11, 24, 8, '2018-11-11 06:28:56', '2018-11-11 06:28:56'),
(12, 25, 10, '2018-05-30 16:49:48', '2018-10-01 19:08:37'),
(13, 24, 11, '2018-11-30 11:28:35', '2018-11-30 11:28:35'),
(14, 25, 12, '2018-12-23 06:32:05', '2018-12-23 06:32:05'),
(15, 23, 13, '2018-12-23 06:35:38', '2018-12-23 06:35:38'),
(16, 23, 14, '2018-12-23 06:39:04', '2018-12-23 06:39:04'),
(17, 23, 15, '2018-12-23 06:41:44', '2018-12-23 06:41:44'),
(18, 23, 16, '2018-12-23 06:46:48', '2018-12-23 06:46:48'),
(19, 22, 17, '2018-12-23 06:48:11', '2018-12-23 06:48:11'),
(20, 23, 18, '2018-12-23 06:50:18', '2018-12-23 06:50:18'),
(21, 23, 19, '2018-12-23 06:50:49', '2018-12-23 06:50:49'),
(22, 23, 20, '2018-12-23 06:52:05', '2018-12-23 06:52:05'),
(23, 23, 21, '2018-12-23 06:54:52', '2018-12-23 06:54:52'),
(24, 25, 22, '2018-12-23 06:56:24', '2018-12-23 06:56:24'),
(25, 23, 23, '2018-12-23 06:56:42', '2018-12-23 06:56:42'),
(26, 23, 24, '2018-12-23 06:58:28', '2018-12-23 06:58:28'),
(27, 23, 25, '2018-12-23 06:59:58', '2018-12-23 06:59:58'),
(28, 23, 26, '2018-12-23 07:00:00', '2018-12-23 07:00:00'),
(29, 23, 27, '2018-12-23 07:01:30', '2018-12-23 07:01:30'),
(30, 24, 28, '2018-12-23 07:03:03', '2018-12-23 07:03:03'),
(31, 23, 29, '2018-12-23 07:03:24', '2018-12-23 07:03:24'),
(32, 24, 30, '2018-12-23 07:04:58', '2018-12-23 07:04:58');

-- --------------------------------------------------------

--
-- Estructura de tabla para la tabla `secuencias_radicacion`
--

CREATE TABLE `secuencias_radicacion` (
  `id` int(10) UNSIGNED NOT NULL,
  `SecrAño` int(10) NOT NULL,
  `SecrNumero` int(11) NOT NULL
) ENGINE=InnoDB DEFAULT CHARSET=utf8mb4 COLLATE=utf8mb4_unicode_ci;

--
-- Volcado de datos para la tabla `secuencias_radicacion`
--

INSERT INTO `secuencias_radicacion` (`id`, `SecrAño`, `SecrNumero`) VALUES
(1, 18, 3),
(2, 19, 27);

-- --------------------------------------------------------

--
-- Estructura de tabla para la tabla `sitios_radicacion`
--

CREATE TABLE `sitios_radicacion` (
  `id` int(10) UNSIGNED NOT NULL,
  `SrDescripcion` varchar(255) COLLATE utf8mb4_unicode_ci NOT NULL,
  `SrSecuenciaNoRad` int(11) NOT NULL DEFAULT '1',
  `SrFuncionNumeracion` varchar(255) COLLATE utf8mb4_unicode_ci DEFAULT NULL,
  `SrSigla` varchar(3) COLLATE utf8mb4_unicode_ci NOT NULL
) ENGINE=InnoDB DEFAULT CHARSET=utf8mb4 COLLATE=utf8mb4_unicode_ci;

--
-- Volcado de datos para la tabla `sitios_radicacion`
--

INSERT INTO `sitios_radicacion` (`id`, `SrDescripcion`, `SrSecuenciaNoRad`, `SrFuncionNumeracion`, `SrSigla`) VALUES
(4, 'PQR', 1010, '555555', 'PQR'),
(5, 'Secretaria', 1, 'qwe', 'SEC'),
(6, 'local exportado', 1232133, NULL, 'cvs');

-- --------------------------------------------------------

--
-- Estructura de tabla para la tabla `tiposaccion`
--

CREATE TABLE `tiposaccion` (
  `id` int(10) UNSIGNED NOT NULL,
  `nombre` varchar(50) COLLATE utf8mb4_unicode_ci NOT NULL,
  `created_at` timestamp NULL DEFAULT NULL,
  `updated_at` timestamp NULL DEFAULT NULL
) ENGINE=InnoDB DEFAULT CHARSET=utf8mb4 COLLATE=utf8mb4_unicode_ci;

-- --------------------------------------------------------

--
-- Estructura de tabla para la tabla `tiposidentificacion`
--

CREATE TABLE `tiposidentificacion` (
  `id` int(10) UNSIGNED NOT NULL,
  `tipo` varchar(60) COLLATE utf8mb4_unicode_ci NOT NULL,
  `nombre` varchar(50) COLLATE utf8mb4_unicode_ci NOT NULL,
  `created_at` timestamp NULL DEFAULT NULL,
  `updated_at` timestamp NULL DEFAULT NULL
) ENGINE=InnoDB DEFAULT CHARSET=utf8mb4 COLLATE=utf8mb4_unicode_ci;

--
-- Volcado de datos para la tabla `tiposidentificacion`
--

INSERT INTO `tiposidentificacion` (`id`, `tipo`, `nombre`, `created_at`, `updated_at`) VALUES
(1, 'CC', 'Cedula de ciudadania', NULL, NULL),
(2, 'Nuip', 'número único de identificación personal', NULL, NULL),
(3, 'Nip', 'Número de identificación personal', NULL, NULL),
(4, 'Ce', 'Cédula de Extranjería', NULL, NULL);

-- --------------------------------------------------------

--
-- Estructura de tabla para la tabla `tiposusuario`
--

CREATE TABLE `tiposusuario` (
  `id` int(10) UNSIGNED NOT NULL,
  `nombre` varchar(20) COLLATE utf8mb4_unicode_ci NOT NULL,
  `descripcion` varchar(100) COLLATE utf8mb4_unicode_ci NOT NULL,
  `created_at` timestamp NULL DEFAULT NULL,
  `updated_at` timestamp NULL DEFAULT NULL
) ENGINE=InnoDB DEFAULT CHARSET=utf8mb4 COLLATE=utf8mb4_unicode_ci;

-- --------------------------------------------------------

--
-- Estructura de tabla para la tabla `tipos_acciones`
--

CREATE TABLE `tipos_acciones` (
  `TacId` int(10) UNSIGNED NOT NULL,
  `TacDescripcion` varchar(191) COLLATE utf8mb4_unicode_ci NOT NULL,
  `created_at` timestamp NULL DEFAULT NULL,
  `updated_at` timestamp NULL DEFAULT NULL
) ENGINE=InnoDB DEFAULT CHARSET=utf8mb4 COLLATE=utf8mb4_unicode_ci;

-- --------------------------------------------------------

--
-- Estructura de tabla para la tabla `tipos_courier`
--

CREATE TABLE `tipos_courier` (
  `id` int(10) UNSIGNED NOT NULL,
  `TcoDescripcion` varchar(60) COLLATE utf8mb4_unicode_ci NOT NULL
) ENGINE=InnoDB DEFAULT CHARSET=utf8mb4 COLLATE=utf8mb4_unicode_ci;

--
-- Volcado de datos para la tabla `tipos_courier`
--

INSERT INTO `tipos_courier` (`id`, `TcoDescripcion`) VALUES
(1, 'Mensajeria'),
(2, 'Patinador'),
(3, 'Mensajero'),
(4, 'Sin courie');

-- --------------------------------------------------------

--
-- Estructura de tabla para la tabla `tipos_documentales_radicados`
--

CREATE TABLE `tipos_documentales_radicados` (
  `id` int(10) UNSIGNED NOT NULL,
  `TdrDescripcion` varchar(60) COLLATE utf8mb4_unicode_ci NOT NULL,
  `created_at` timestamp NULL DEFAULT NULL,
  `updated_at` timestamp NULL DEFAULT NULL,
  `TdrSigla` varchar(3) COLLATE utf8mb4_unicode_ci NOT NULL
) ENGINE=InnoDB DEFAULT CHARSET=utf8mb4 COLLATE=utf8mb4_unicode_ci;

--
-- Volcado de datos para la tabla `tipos_documentales_radicados`
--

INSERT INTO `tipos_documentales_radicados` (`id`, `TdrDescripcion`, `created_at`, `updated_at`, `TdrSigla`) VALUES
(2, 'Certificado', '2018-07-07 10:00:00', '2018-06-17 12:42:26', 'cer'),
(3, 'Sin documento', NULL, NULL, 'SN'),
(5, 'Carta', '2018-07-26 23:53:12', '2018-07-26 23:53:12', 'car'),
(6, 'Folio', '2018-07-29 07:24:47', '2018-07-29 07:24:47', 'fol'),
(7, 'DocumentoPQRS', '2018-05-30 11:49:48', '2018-10-01 14:08:37', 'DPQ'),
(8, 'DocumentoPQRS', '2018-05-30 11:49:48', '2018-10-01 14:08:37', 'DS');

-- --------------------------------------------------------

--
-- Estructura de tabla para la tabla `tipos_radicados`
--

CREATE TABLE `tipos_radicados` (
  `id` int(10) UNSIGNED NOT NULL,
  `TrDescripcion` varchar(60) COLLATE utf8mb4_unicode_ci NOT NULL,
  `TrFuncionNumeracion` varchar(255) COLLATE utf8mb4_unicode_ci NOT NULL,
  `TrSigla` varchar(1) COLLATE utf8mb4_unicode_ci NOT NULL
) ENGINE=InnoDB DEFAULT CHARSET=utf8mb4 COLLATE=utf8mb4_unicode_ci;

--
-- Volcado de datos para la tabla `tipos_radicados`
--

INSERT INTO `tipos_radicados` (`id`, `TrDescripcion`, `TrFuncionNumeracion`, `TrSigla`) VALUES
(1, 'Entrada', '1', 'e'),
(2, 'Salida', '2', 's'),
(3, 'Interno', '3', 'i');

-- --------------------------------------------------------

--
-- Estructura de tabla para la tabla `tipos_secuencias_radicacion`
--

CREATE TABLE `tipos_secuencias_radicacion` (
  `id` int(10) NOT NULL,
  `secuencia` varchar(100) COLLATE utf8mb4_unicode_ci NOT NULL
) ENGINE=InnoDB DEFAULT CHARSET=utf8mb4 COLLATE=utf8mb4_unicode_ci;

--
-- Volcado de datos para la tabla `tipos_secuencias_radicacion`
--

INSERT INTO `tipos_secuencias_radicacion` (`id`, `secuencia`) VALUES
(1, 'Sitio-Tipo radicacion-Tipo Documental-Tipo solicitud-numero consecutivo-Año'),
(2, 'Tipo radicacion-Sitio-Tipo Documental-Tipo solicitud-numero consecutivo-Año'),
(3, 'Tipo radicacion-Tipo Documental-Sitio-Tipo solicitud-numero consecutivo-Año'),
(4, 'Tipo radicacion-Tipo Documental-Tipo solicitud-Sitio-numero consecutivo-Año'),
(5, 'Tipo radicacion-Tipo Documental-Tipo solicitud-numero consecutivo-Sitio-Año'),
(6, 'Tipo radicacion-Tipo Documental-Tipo solicitud-numero consecutivo-Año-Sitio'),
(7, 'Tipo Documental-Tipo radicacion-Tipo solicitud-numero consecutivo-Año-Sitio'),
(8, 'Tipo Documental-Tipo solicitud-Tipo radicacion-numero consecutivo-Año-Sitio'),
(9, 'Tipo Documental-Tipo solicitud-numero consecutivo-Tipo radicacion-Año-Sitio'),
(10, 'Tipo Documental-Tipo solicitud-numero consecutivo-Año-Tipo radicacion-Sitio'),
(11, 'Tipo Documental-Tipo solicitud-numero consecutivo-Año-Sitio-Tipo radicacion'),
(12, 'Tipo solicitud-Tipo Documental-numero consecutivo-Año-Sitio-Tipo radicacion'),
(13, 'Tipo solicitud-numero consecutivo-Tipo Documental-Año-Sitio-Tipo radicacion'),
(14, 'Tipo solicitud-numero consecutivo-Año-Tipo Documental-Sitio-Tipo radicacion'),
(15, 'Tipo solicitud-numero consecutivo-Año-Sitio-Tipo Documental-Tipo radicacion'),
(16, 'Tipo solicitud-numero consecutivo-Año-Sitio-Tipo radicacion-Tipo Documental'),
(17, 'numero consecutivo-Tipo solicitud-Año-Sitio-Tipo radicacion-Tipo Documental'),
(18, 'numero consecutivo-Año-Tipo solicitud-Sitio-Tipo radicacion-Tipo Documental'),
(19, 'numero consecutivo-Año-Sitio-Tipo solicitud-Tipo radicacion-Tipo Documental'),
(20, 'numero consecutivo-Año-Sitio-Tipo radicacion-Tipo solicitud-Tipo Documental'),
(21, 'numero consecutivo-Año-Sitio-Tipo radicacion-Tipo Documental-Tipo solicitud'),
(22, 'Año-numero consecutivo-Sitio-Tipo radicacion-Tipo Documental-Tipo solicitud'),
(23, 'Año-Sitio-numero consecutivo-Tipo radicacion-Tipo Documental-Tipo solicitud'),
(24, 'Año-Sitio-Tipo radicacion-numero consecutivo-Tipo Documental-Tipo solicitud'),
(25, 'Año-Sitio-Tipo radicacion-Tipo Documental-numero consecutivo-Tipo solicitud'),
(26, 'Año-Sitio-Tipo radicacion-Tipo Documental-Tipo solicitud-numero consecutivo'),
(27, 'Tipo radicacion-Tipo Documental-numero consecutivo-Año');

-- --------------------------------------------------------

--
-- Estructura de tabla para la tabla `tipos_solicitudes`
--

CREATE TABLE `tipos_solicitudes` (
  `id` int(10) UNSIGNED NOT NULL,
  `TsTipoSolicitud` varchar(100) COLLATE utf8mb4_unicode_ci NOT NULL,
  `TsTiempoSolicitud` int(11) NOT NULL,
  `descripcion` varchar(100) COLLATE utf8mb4_unicode_ci NOT NULL,
  `TsSigla` varchar(3) COLLATE utf8mb4_unicode_ci NOT NULL
) ENGINE=InnoDB DEFAULT CHARSET=utf8mb4 COLLATE=utf8mb4_unicode_ci;

--
-- Volcado de datos para la tabla `tipos_solicitudes`
--

INSERT INTO `tipos_solicitudes` (`id`, `TsTipoSolicitud`, `TsTiempoSolicitud`, `descripcion`, `TsSigla`) VALUES
(1, 'Peticion', 15, 'Solicitar peticiones', 'pet'),
(2, 'Queja', 20, '', 'que'),
(3, 'Reclamo', 10, '', 'rec'),
(4, 'Solicitud', 3, '', 'sol'),
(5, 'Denuncia', 3, '', 'den');

-- --------------------------------------------------------

--
-- Estructura de tabla para la tabla `trazabilidad`
--

CREATE TABLE `trazabilidad` (
  `id` int(10) UNSIGNED NOT NULL,
  `Usuarios_UsId` int(10) UNSIGNED NOT NULL,
  `Usuario_asig_id` int(11) NOT NULL,
  `Radicados_RaId` int(10) UNSIGNED DEFAULT NULL,
  `Gestiones_GeId` int(10) UNSIGNED DEFAULT NULL,
  `fecha_gestion` varchar(50) COLLATE utf8mb4_unicode_ci NOT NULL,
  `status_gestion` int(20) NOT NULL,
  `observaciones` text COLLATE utf8mb4_unicode_ci
) ENGINE=InnoDB DEFAULT CHARSET=utf8mb4 COLLATE=utf8mb4_unicode_ci;

--
-- Volcado de datos para la tabla `trazabilidad`
--

INSERT INTO `trazabilidad` (`id`, `Usuarios_UsId`, `Usuario_asig_id`, `Radicados_RaId`, `Gestiones_GeId`, `fecha_gestion`, `status_gestion`, `observaciones`) VALUES
(1, 1, 1, 5, 4, '2018-12-31 03:25', 2, 'xcscsdcsds'),
(2, 1, 1, 49, 6, '2019-01-02 12:03', 1, 'fvvv'),
(3, 1, 1, 49, 12, '2019-01-02 12:18:04', 2, 'ssdcsdsdcsdsd'),
(4, 1, 1, 49, 19, '2019-01-02 12:48:52', 3, 'ddsfsdfd'),
(5, 1, 1, 49, 20, '2019-01-02 12:49:24', 3, 'dele'),
(6, 1, 1, 49, 21, '2019-01-02 12:55:22', 4, 'dfdf'),
(7, 1, 1, 49, 22, '2019-01-02 12:55:38', 5, 'dfsdfd'),
(8, 1, 1, 49, 23, '2019-01-02 12:55:55', 6, 'sdfsfsdsd'),
(9, 1, 1, 49, 24, '2019-01-02 12:56:08', 9, 'zxczxcxz'),
(10, 1, 1, 49, 25, '2019-01-02 12:56:22', 10, 'xczxczx');

-- --------------------------------------------------------

--
-- Estructura de tabla para la tabla `users`
--

CREATE TABLE `users` (
  `id` int(10) UNSIGNED NOT NULL,
  `name` varchar(191) COLLATE utf8mb4_unicode_ci NOT NULL,
  `lastname` varchar(191) COLLATE utf8mb4_unicode_ci NOT NULL,
  `username` varchar(191) COLLATE utf8mb4_unicode_ci NOT NULL,
  `email` varchar(191) COLLATE utf8mb4_unicode_ci NOT NULL,
  `password` varchar(191) COLLATE utf8mb4_unicode_ci NOT NULL,
  `active` int(10) UNSIGNED NOT NULL DEFAULT '1',
  `remember_token` varchar(100) COLLATE utf8mb4_unicode_ci DEFAULT NULL,
  `created_at` timestamp NULL DEFAULT NULL,
  `updated_at` timestamp NULL DEFAULT NULL,
  `UsIdentificacion` varchar(191) COLLATE utf8mb4_unicode_ci DEFAULT NULL,
  `UsTelefono` varchar(40) COLLATE utf8mb4_unicode_ci DEFAULT NULL,
  `UsCelular` varchar(40) COLLATE utf8mb4_unicode_ci DEFAULT NULL,
  `UsUltimoLogin` varchar(191) COLLATE utf8mb4_unicode_ci DEFAULT NULL,
  `UsIntentos` int(11) DEFAULT NULL,
  `UsUltimaIP` varchar(20) COLLATE utf8mb4_unicode_ci DEFAULT NULL,
  `UsFechaHoraCambioPW` varchar(191) COLLATE utf8mb4_unicode_ci DEFAULT NULL,
  `UsRol` int(10) UNSIGNED DEFAULT NULL,
  `UsEstado` int(10) UNSIGNED DEFAULT NULL,
  `UsTipoIdentificacion` int(10) UNSIGNED DEFAULT NULL,
  `UsTipo` int(10) UNSIGNED DEFAULT NULL,
  `UsCargos` int(10) UNSIGNED DEFAULT NULL,
  `UsDependencia` int(10) NOT NULL
) ENGINE=InnoDB DEFAULT CHARSET=utf8mb4 COLLATE=utf8mb4_unicode_ci;

--
-- Volcado de datos para la tabla `users`
--

INSERT INTO `users` (`id`, `name`, `lastname`, `username`, `email`, `password`, `active`, `remember_token`, `created_at`, `updated_at`, `UsIdentificacion`, `UsTelefono`, `UsCelular`, `UsUltimoLogin`, `UsIntentos`, `UsUltimaIP`, `UsFechaHoraCambioPW`, `UsRol`, `UsEstado`, `UsTipoIdentificacion`, `UsTipo`, `UsCargos`, `UsDependencia`) VALUES
(1, 'jhon henry', 'bernal', 'jbernal', 'jhonhenrybernal@gmail.com', '$2y$10$1ZRApXxpLUmLuz99TfqhQuV7Mym5ODctvWPutjsQK9jBTMth6.31G', 1, 'wHcQyjNe4huHvJbPG2iLKfZ7RPJa8sBaGktlOoIPtpBBAcNAu3qkm5pUoAlm', '2018-05-04 01:00:00', '2018-11-10 23:32:18', '12321412', '1231231', '2131312', '', 0, '', '', 22, 0, 1, 0, 1, 1),
(12, 'TECHNOLOGICAL', 'SERVICE', 'RADICO', 'infotechnologicalservice@gmail.com', '$2y$10$yZVqDxK9Fj2CeHfDONZuAeHS3s.VppEPTqRtCU.KUBflu7FYv9DFO', 1, 'lRbHp0qD4QUNzgzo099TxtVFjAYUVRWRnvPscrh6bmv7GLUW0h6IKrvj5xtP', '2018-12-23 06:32:05', '2018-12-23 06:32:05', '4484', '86588', '5498', NULL, NULL, NULL, NULL, 25, NULL, 1, NULL, 9, 4),
(13, 'JAIRO ESTEBAN', 'AMAYA AMAYA', 'fontalc1', 'fontalc1@epmsibate.com', '$2y$10$tduiMKrajVRWAP38q5qf/.LkZhZ4W7VLdslfs/w64spZQg2cy0BDe', 1, 'Z85hIKeDF81WAVKXwtT58pTxR25WPWm1avOL3Mu4', '2018-12-23 06:35:38', '2018-12-23 06:35:38', '3185613', '5297403', '3232809932', NULL, NULL, NULL, NULL, 23, NULL, 1, NULL, 1, 7),
(14, 'ANA GLADYS', 'AREVALO PARRAGA', 'financiera', 'financiera@epmsibate.com', '$2y$10$dubADm6M/5NWZ9oXK8QFNO7neDBkW3TJqu3rMQAjxLzAvbZzrGO7W', 1, 'Z85hIKeDF81WAVKXwtT58pTxR25WPWm1avOL3Mu4', '2018-12-23 06:39:04', '2018-12-23 06:39:04', '39724498', '5297403', '3232809932', NULL, NULL, NULL, NULL, 23, NULL, 1, NULL, 3, 7),
(15, 'PATRICIO', 'ARIAS PARRA', 'fontalc2', 'fontalc2@epmsibate.com', '$2y$10$dWR18vblBbKXkldgQ.z3PO9tV3neCw5CtR0bUnm6WhsRr2HtIY/Da', 1, 'Z85hIKeDF81WAVKXwtT58pTxR25WPWm1avOL3Mu4', '2018-12-23 06:41:44', '2018-12-23 06:41:44', '79182431', '5297403', '3138294897', NULL, NULL, NULL, NULL, 23, NULL, 1, NULL, 1, 7),
(16, 'JENNIFER PAOLA', 'CORTES ACUÑA', 'controlint', 'controlinterno@epmsibate.com', '$2y$10$v/Ea.v1Eyse5yY0zXrFr5.x8HD8458CE3N/P/4T.v.tKEAYVQPm9m', 1, 'fWPmky5ly6aGik7Qu90fotjkS1gL6m33r3l9HpRtvQa3RnWp04X0H0DGU1es', '2018-12-23 06:46:48', '2018-12-23 06:46:48', '1072188064', '5297403', '3102793552', NULL, NULL, NULL, NULL, 23, NULL, 1, NULL, 4, 8),
(17, 'HELBERT ANIBAL', 'ZARATE GONZALEZ', 'administrativa', 'administrativa@epmsibate.com', '$2y$10$CXpfLvTAZMxWKWGi2ZltzOnworsl265CiypMg3ix8ORpMVeapA1FS', 1, 'tAsetLroESw1mr7wlHqYx0L5FnySFZJGJzmHq9RU', '2018-12-23 06:48:11', '2018-12-23 06:48:11', '79507598', '5297403', '3166178439', NULL, NULL, NULL, NULL, 22, NULL, 1, NULL, 21, 6),
(18, 'BLANCA NEDDY', 'CUASQUER CARRANZA', 'facturacion', 'facturacion@epmsibate.com', '$2y$10$yWWtighsQ8eI27LAOPSrU.d9YFu9dqIJssvEH10UOfXCAUuv4xv5q', 1, 'Z85hIKeDF81WAVKXwtT58pTxR25WPWm1avOL3Mu4', '2018-12-23 06:50:18', '2018-12-23 06:50:18', '52224456', '5297403', '3133475228', NULL, NULL, NULL, NULL, 23, NULL, 1, NULL, 5, 6),
(19, 'JOHON ALEXANDER', 'SIMBAQUEVA GONZALEZ', 'contabilidad', 'contabilidad@epmsibate.com', '$2y$10$mTqkvplust0/VslqFjTo1ugd5YfTnG44wHXJD/i7LItMeW0ckdVvO', 1, 'tAsetLroESw1mr7wlHqYx0L5FnySFZJGJzmHq9RU', '2018-12-23 06:50:49', '2018-12-23 06:50:49', '79183185', '5297403', '3133746620', NULL, NULL, NULL, NULL, 23, NULL, 1, NULL, 20, 6),
(20, 'DIANA MARCELA', 'ROZO GONZALEZ', 'laboratorio', 'laboratorio@epmsibate.com', '$2y$10$pUo9fBCqp9dUCosVwO6PPuM8mGB993KJVz1fYj1d2KbaWhkKCYtNC', 1, 'tAsetLroESw1mr7wlHqYx0L5FnySFZJGJzmHq9RU', '2018-12-23 06:52:05', '2018-12-23 06:52:05', '52439958', '5297403', '3153100556', NULL, NULL, NULL, NULL, 23, NULL, 1, NULL, 19, 7),
(21, 'GREICY KATERINE', 'RAMIREZ CHAVEZ', 'recursosh', 'recursoshumanos@epmsibate.com', '$2y$10$gz6ztpKMhoXH44dTJRVL/uBFtX8q6UAMV3S0QctDzdPoJ7WlbTjdO', 1, 'tAsetLroESw1mr7wlHqYx0L5FnySFZJGJzmHq9RU', '2018-12-23 06:54:52', '2018-12-23 06:54:52', '53925290', '5297403', '3105545235', NULL, NULL, NULL, NULL, 23, NULL, 1, NULL, 18, 6),
(22, 'ERNESTO', 'FORERO CLAVIJO', 'gerencia', 'gerencia@epmsibate.com', '$2y$10$1ZRApXxpLUmLuz99TfqhQuV7Mym5ODctvWPutjsQK9jBTMth6.31G', 1, 'dJCrp0VWOWcbheikQLf2NZ3di3mEyyWgjF2QBobSMD967whmYehpu8AlB5mw', '2018-12-23 06:56:24', '2018-12-23 06:57:42', '79182610', '5297403', '3138917165', NULL, NULL, NULL, NULL, 25, NULL, 1, NULL, 6, 4),
(23, 'WILLIAM', 'PINILLA RODRIGUEZ', 'correspondencia', 'correspondencia@epmsibate.com', '$2y$10$zUUAgOhuVe8/FvREXJrALORGcq2QTUGuWuLqkERjkF/x8kKZ5BrUW', 1, 'tAsetLroESw1mr7wlHqYx0L5FnySFZJGJzmHq9RU', '2018-12-23 06:56:42', '2018-12-23 06:56:42', '79183653', '5297403', '3114709842', NULL, NULL, NULL, NULL, 23, NULL, 1, NULL, 17, 4),
(24, 'SERGIO', 'PINEDA VASQUEZ', 'fontac3', 'fontac3@epmsibate.com', '$2y$10$9LixSo/oxdycJtoDIlN7x.PrO4N2xWjm.LRGnf3MGYxVdC.BNk7oy', 1, 'tAsetLroESw1mr7wlHqYx0L5FnySFZJGJzmHq9RU', '2018-12-23 06:58:28', '2018-12-23 06:58:28', '79432322', '5297403', '3172327710', NULL, NULL, NULL, NULL, 23, NULL, 1, NULL, 7, 7),
(25, 'JOSE MAURICIO', 'GARCIA MACANA', 'fontac1', 'fontac1@epmsibate.com', '$2y$10$u5x4EfAPmNEc.PT28IyN7euw4BpDjgwxQDiipClGhhlNj7I7m4y8q', 1, 'mFPNlJLUwuUXgE5lhD6oBag2goCdLg96pzwN0Mon', '2018-12-23 06:59:58', '2018-12-23 06:59:58', '79182924', '5297403', '3214807123', NULL, NULL, NULL, NULL, 23, NULL, 1, NULL, 12, 7),
(26, 'MARCOS RODOLFO', 'PINEDA CANTOR', 'supervisor', 'supervisor@epmsibate.com', '$2y$10$A1W42Hdr8tINPG5rZGZZ1.DXHxVaR5mtJkqLmACeFBGrPeS3xoni6', 1, 'tAsetLroESw1mr7wlHqYx0L5FnySFZJGJzmHq9RU', '2018-12-23 07:00:00', '2018-12-23 07:00:00', '79627930', '5297403', '3138917150', NULL, NULL, NULL, NULL, 23, NULL, 1, NULL, 15, 7),
(27, 'CARLOS AUGUSTO', 'MURCIA TELLEZ', 'operativa', 'operativa@epmsibate.com', '$2y$10$DrLS9cEt0x7xcCF43MS7Ru.tq12gIyzdeE.86v45hr/fEYC4gTsWa', 1, 'tAsetLroESw1mr7wlHqYx0L5FnySFZJGJzmHq9RU', '2018-12-23 07:01:30', '2018-12-23 07:01:30', '79952552', '5297403', '3138917162', NULL, NULL, NULL, NULL, 23, NULL, 1, NULL, 14, 7),
(28, 'DORIS', 'GARZON SIMBAQUEVA', 'secretaria', 'info@epmsibate.com', '$2y$10$kGEydrcXc6Go7orRug7YX.nqKP.jV51UMj0tKCtrIAQVSSdWmJWaS', 1, '6COl8p4HvjQgJJJ1mnofqHFTmbXOQjPfx4rNOD9AyzEKRorH4pJgz4gX5EhD', '2018-12-23 07:03:03', '2018-12-23 07:03:03', '39723510', '5297403', '3138917156', NULL, NULL, NULL, NULL, 24, NULL, 1, NULL, 8, 4),
(29, 'CARLOS ARTURO', 'MOLINA GARZON', 'fontac2', 'fontac2@epmsibate.com', '$2y$10$/ljNR.1kRRNdq9LliWXn5e1wxzu3fBIFMALFjbw.tGVoWewMfYMsi', 1, 'tAsetLroESw1mr7wlHqYx0L5FnySFZJGJzmHq9RU', '2018-12-23 07:03:24', '2018-12-23 07:03:24', '79182864', '5297403', '3138325069', NULL, NULL, NULL, NULL, 23, NULL, 1, NULL, 7, 7),
(30, 'CAMILA ANDREA', 'GONZALEZ BURGOS', 'pqr', 'pqr@epmsibate.com', '$2y$10$kpURs20WbvzwUVDH1RLYyu37hnhZtmWBW8fnTPaf/LopQriuHeyma', 1, 'tAsetLroESw1mr7wlHqYx0L5FnySFZJGJzmHq9RU', '2018-12-23 07:04:58', '2018-12-23 07:04:58', '1072194016', '5297403', '3057159525', NULL, NULL, NULL, NULL, 24, NULL, 1, NULL, 9, 6);

--
-- Índices para tablas volcadas
--

--
-- Indices de la tabla `acciones`
--
ALTER TABLE `acciones`
  ADD PRIMARY KEY (`AcId`),
  ADD KEY `acciones_acusuarios_foreign` (`AcUsuarios`),
  ADD KEY `acciones_actipo_foreign` (`AcTipo`);

--
-- Indices de la tabla `archivos`
--
ALTER TABLE `archivos`
  ADD PRIMARY KEY (`id`);

--
-- Indices de la tabla `cargos`
--
ALTER TABLE `cargos`
  ADD PRIMARY KEY (`id`),
  ADD UNIQUE KEY `cargos_codigo_unique` (`codigo`),
  ADD UNIQUE KEY `cargos_nombre_unique` (`nombre`),
  ADD KEY `cargos_dependencia_id_foreign` (`dependencia_id`);

--
-- Indices de la tabla `ciudades`
--
ALTER TABLE `ciudades`
  ADD PRIMARY KEY (`id`),
  ADD UNIQUE KEY `ciudades_codigo_unique` (`codigo`),
  ADD KEY `ciudades_departamento_id_foreign` (`departamento_id`);

--
-- Indices de la tabla `couriers`
--
ALTER TABLE `couriers`
  ADD PRIMARY KEY (`CouId`);

--
-- Indices de la tabla `departamentos`
--
ALTER TABLE `departamentos`
  ADD PRIMARY KEY (`id`),
  ADD UNIQUE KEY `departamentos_dtocodigo_unique` (`dtocodigo`),
  ADD UNIQUE KEY `departamentos_dtonombre_unique` (`dtonombre`),
  ADD KEY `departamentos_pais_id_foreign` (`pais_id`);

--
-- Indices de la tabla `dependencias`
--
ALTER TABLE `dependencias`
  ADD PRIMARY KEY (`id`),
  ADD UNIQUE KEY `dependencias_codigo_unique` (`codigo`),
  ADD UNIQUE KEY `dependencias_nombre_unique` (`nombre`),
  ADD KEY `dependencias_organizacion_id_foreign` (`organizacion_id`);

--
-- Indices de la tabla `destinatarios`
--
ALTER TABLE `destinatarios`
  ADD PRIMARY KEY (`DesId`),
  ADD KEY `destinatarios_desradicado_foreign` (`DesRadicado`),
  ADD KEY `destinatarios_despersona_foreign` (`DesPersona`);

--
-- Indices de la tabla `estadosusuario`
--
ALTER TABLE `estadosusuario`
  ADD PRIMARY KEY (`id`),
  ADD UNIQUE KEY `estadosusuario_nombre_unique` (`nombre`),
  ADD UNIQUE KEY `estadosusuario_descripcion_unique` (`descripcion`);

--
-- Indices de la tabla `estados_radicados`
--
ALTER TABLE `estados_radicados`
  ADD PRIMARY KEY (`id`);

--
-- Indices de la tabla `estasdosgestion`
--
ALTER TABLE `estasdosgestion`
  ADD PRIMARY KEY (`id`);

--
-- Indices de la tabla `gestiones`
--
ALTER TABLE `gestiones`
  ADD PRIMARY KEY (`id`),
  ADD KEY `gestiones_estasdosgestion_egid_foreign` (`Estasdosgestion_EgId`),
  ADD KEY `gestiones_radicados_raid_foreign` (`Radicados_RaId`),
  ADD KEY `gestiones_usuarios_usid_foreign` (`Usuarios_UsId`);

--
-- Indices de la tabla `imp_exp_doc`
--
ALTER TABLE `imp_exp_doc`
  ADD PRIMARY KEY (`id`);

--
-- Indices de la tabla `log_ingresos_sistema`
--
ALTER TABLE `log_ingresos_sistema`
  ADD PRIMARY KEY (`LiId`),
  ADD KEY `log_ingresos_sistema_liusuario_foreign` (`LiUsuario`);

--
-- Indices de la tabla `migrations`
--
ALTER TABLE `migrations`
  ADD PRIMARY KEY (`id`);

--
-- Indices de la tabla `organizaciones`
--
ALTER TABLE `organizaciones`
  ADD PRIMARY KEY (`id`),
  ADD UNIQUE KEY `organizaciones_nombre_unique` (`nombre`),
  ADD KEY `organizaciones_tipoidentificacion_id_foreign` (`tipoidentificacion_id`);

--
-- Indices de la tabla `paises`
--
ALTER TABLE `paises`
  ADD PRIMARY KEY (`id`),
  ADD UNIQUE KEY `paises_paicodigo_unique` (`paicodigo`),
  ADD UNIQUE KEY `paises_painombre_unique` (`painombre`);

--
-- Indices de la tabla `password_resets`
--
ALTER TABLE `password_resets`
  ADD KEY `password_resets_email_index` (`email`);

--
-- Indices de la tabla `permissions`
--
ALTER TABLE `permissions`
  ADD PRIMARY KEY (`id`),
  ADD UNIQUE KEY `permissions_slug_unique` (`slug`);

--
-- Indices de la tabla `permission_role`
--
ALTER TABLE `permission_role`
  ADD PRIMARY KEY (`id`),
  ADD KEY `permission_role_permission_id_index` (`permission_id`),
  ADD KEY `permission_role_role_id_index` (`role_id`);

--
-- Indices de la tabla `permission_user`
--
ALTER TABLE `permission_user`
  ADD PRIMARY KEY (`id`),
  ADD KEY `permission_user_permission_id_index` (`permission_id`),
  ADD KEY `permission_user_user_id_index` (`user_id`);

--
-- Indices de la tabla `personas`
--
ALTER TABLE `personas`
  ADD PRIMARY KEY (`id`);

--
-- Indices de la tabla `radicados`
--
ALTER TABLE `radicados`
  ADD PRIMARY KEY (`id`);

--
-- Indices de la tabla `radicados_asociados`
--
ALTER TABLE `radicados_asociados`
  ADD PRIMARY KEY (`id`);

--
-- Indices de la tabla `remitentes`
--
ALTER TABLE `remitentes`
  ADD PRIMARY KEY (`ReId`),
  ADD KEY `remitentes_reradicado_foreign` (`ReRadicado`),
  ADD KEY `remitentes_repersona_foreign` (`RePersona`);

--
-- Indices de la tabla `roles`
--
ALTER TABLE `roles`
  ADD PRIMARY KEY (`id`),
  ADD UNIQUE KEY `roles_name_unique` (`name`),
  ADD UNIQUE KEY `roles_slug_unique` (`slug`);

--
-- Indices de la tabla `role_user`
--
ALTER TABLE `role_user`
  ADD PRIMARY KEY (`id`),
  ADD KEY `role_user_role_id_index` (`role_id`),
  ADD KEY `role_user_user_id_index` (`user_id`);

--
-- Indices de la tabla `secuencias_radicacion`
--
ALTER TABLE `secuencias_radicacion`
  ADD PRIMARY KEY (`id`);

--
-- Indices de la tabla `sitios_radicacion`
--
ALTER TABLE `sitios_radicacion`
  ADD PRIMARY KEY (`id`);

--
-- Indices de la tabla `tiposaccion`
--
ALTER TABLE `tiposaccion`
  ADD PRIMARY KEY (`id`),
  ADD UNIQUE KEY `tiposaccion_nombre_unique` (`nombre`);

--
-- Indices de la tabla `tiposidentificacion`
--
ALTER TABLE `tiposidentificacion`
  ADD PRIMARY KEY (`id`),
  ADD UNIQUE KEY `tiposidentificacion_tipo_unique` (`tipo`),
  ADD UNIQUE KEY `tiposidentificacion_nombre_unique` (`nombre`);

--
-- Indices de la tabla `tiposusuario`
--
ALTER TABLE `tiposusuario`
  ADD PRIMARY KEY (`id`),
  ADD UNIQUE KEY `tiposusuario_nombre_unique` (`nombre`),
  ADD UNIQUE KEY `tiposusuario_descripcion_unique` (`descripcion`);

--
-- Indices de la tabla `tipos_acciones`
--
ALTER TABLE `tipos_acciones`
  ADD PRIMARY KEY (`TacId`);

--
-- Indices de la tabla `tipos_courier`
--
ALTER TABLE `tipos_courier`
  ADD PRIMARY KEY (`id`);

--
-- Indices de la tabla `tipos_documentales_radicados`
--
ALTER TABLE `tipos_documentales_radicados`
  ADD PRIMARY KEY (`id`);

--
-- Indices de la tabla `tipos_radicados`
--
ALTER TABLE `tipos_radicados`
  ADD PRIMARY KEY (`id`);

--
-- Indices de la tabla `tipos_secuencias_radicacion`
--
ALTER TABLE `tipos_secuencias_radicacion`
  ADD PRIMARY KEY (`id`);

--
-- Indices de la tabla `tipos_solicitudes`
--
ALTER TABLE `tipos_solicitudes`
  ADD PRIMARY KEY (`id`);

--
-- Indices de la tabla `trazabilidad`
--
ALTER TABLE `trazabilidad`
  ADD PRIMARY KEY (`id`),
  ADD KEY `trazabilidad_usuarios_usid_foreign` (`Usuarios_UsId`),
  ADD KEY `trazabilidad_radicados_raid_foreign` (`Radicados_RaId`),
  ADD KEY `trazabilidad_gestiones_geid_foreign` (`Gestiones_GeId`);

--
-- Indices de la tabla `users`
--
ALTER TABLE `users`
  ADD PRIMARY KEY (`id`),
  ADD UNIQUE KEY `users_username_unique` (`username`),
  ADD UNIQUE KEY `users_email_unique` (`email`),
  ADD KEY `users_usestado_foreign` (`UsEstado`),
  ADD KEY `users_ustipoidentificacion_foreign` (`UsTipoIdentificacion`),
  ADD KEY `users_ustipo_foreign` (`UsTipo`),
  ADD KEY `users_uscargos_foreign` (`UsCargos`),
  ADD KEY `users_roles_foreign` (`UsRol`);

--
-- AUTO_INCREMENT de las tablas volcadas
--

--
-- AUTO_INCREMENT de la tabla `acciones`
--
ALTER TABLE `acciones`
  MODIFY `AcId` int(10) UNSIGNED NOT NULL AUTO_INCREMENT;

--
-- AUTO_INCREMENT de la tabla `archivos`
--
ALTER TABLE `archivos`
  MODIFY `id` int(10) UNSIGNED NOT NULL AUTO_INCREMENT;

--
-- AUTO_INCREMENT de la tabla `cargos`
--
ALTER TABLE `cargos`
  MODIFY `id` int(10) UNSIGNED NOT NULL AUTO_INCREMENT, AUTO_INCREMENT=22;

--
-- AUTO_INCREMENT de la tabla `ciudades`
--
ALTER TABLE `ciudades`
  MODIFY `id` int(10) UNSIGNED NOT NULL AUTO_INCREMENT, AUTO_INCREMENT=1393;

--
-- AUTO_INCREMENT de la tabla `couriers`
--
ALTER TABLE `couriers`
  MODIFY `CouId` int(10) UNSIGNED NOT NULL AUTO_INCREMENT;

--
-- AUTO_INCREMENT de la tabla `departamentos`
--
ALTER TABLE `departamentos`
  MODIFY `id` int(10) UNSIGNED NOT NULL AUTO_INCREMENT, AUTO_INCREMENT=34;

--
-- AUTO_INCREMENT de la tabla `dependencias`
--
ALTER TABLE `dependencias`
  MODIFY `id` int(10) UNSIGNED NOT NULL AUTO_INCREMENT, AUTO_INCREMENT=9;

--
-- AUTO_INCREMENT de la tabla `destinatarios`
--
ALTER TABLE `destinatarios`
  MODIFY `DesId` int(10) UNSIGNED NOT NULL AUTO_INCREMENT, AUTO_INCREMENT=6;

--
-- AUTO_INCREMENT de la tabla `estadosusuario`
--
ALTER TABLE `estadosusuario`
  MODIFY `id` int(10) UNSIGNED NOT NULL AUTO_INCREMENT;

--
-- AUTO_INCREMENT de la tabla `estados_radicados`
--
ALTER TABLE `estados_radicados`
  MODIFY `id` int(10) UNSIGNED NOT NULL AUTO_INCREMENT, AUTO_INCREMENT=4;

--
-- AUTO_INCREMENT de la tabla `estasdosgestion`
--
ALTER TABLE `estasdosgestion`
  MODIFY `id` int(10) UNSIGNED NOT NULL AUTO_INCREMENT, AUTO_INCREMENT=9;

--
-- AUTO_INCREMENT de la tabla `gestiones`
--
ALTER TABLE `gestiones`
  MODIFY `id` int(10) UNSIGNED NOT NULL AUTO_INCREMENT, AUTO_INCREMENT=26;

--
-- AUTO_INCREMENT de la tabla `imp_exp_doc`
--
ALTER TABLE `imp_exp_doc`
  MODIFY `id` int(11) NOT NULL AUTO_INCREMENT, AUTO_INCREMENT=17;

--
-- AUTO_INCREMENT de la tabla `log_ingresos_sistema`
--
ALTER TABLE `log_ingresos_sistema`
  MODIFY `LiId` int(10) UNSIGNED NOT NULL AUTO_INCREMENT;

--
-- AUTO_INCREMENT de la tabla `migrations`
--
ALTER TABLE `migrations`
  MODIFY `id` int(10) UNSIGNED NOT NULL AUTO_INCREMENT;

--
-- AUTO_INCREMENT de la tabla `organizaciones`
--
ALTER TABLE `organizaciones`
  MODIFY `id` int(10) UNSIGNED NOT NULL AUTO_INCREMENT, AUTO_INCREMENT=5;

--
-- AUTO_INCREMENT de la tabla `paises`
--
ALTER TABLE `paises`
  MODIFY `id` int(10) UNSIGNED NOT NULL AUTO_INCREMENT, AUTO_INCREMENT=4;

--
-- AUTO_INCREMENT de la tabla `permissions`
--
ALTER TABLE `permissions`
  MODIFY `id` int(10) UNSIGNED NOT NULL AUTO_INCREMENT, AUTO_INCREMENT=84;

--
-- AUTO_INCREMENT de la tabla `permission_role`
--
ALTER TABLE `permission_role`
  MODIFY `id` int(10) UNSIGNED NOT NULL AUTO_INCREMENT, AUTO_INCREMENT=102;

--
-- AUTO_INCREMENT de la tabla `permission_user`
--
ALTER TABLE `permission_user`
  MODIFY `id` int(10) UNSIGNED NOT NULL AUTO_INCREMENT;

--
-- AUTO_INCREMENT de la tabla `personas`
--
ALTER TABLE `personas`
  MODIFY `id` int(10) UNSIGNED NOT NULL AUTO_INCREMENT, AUTO_INCREMENT=50;

--
-- AUTO_INCREMENT de la tabla `radicados`
--
ALTER TABLE `radicados`
  MODIFY `id` int(10) UNSIGNED NOT NULL AUTO_INCREMENT, AUTO_INCREMENT=50;

--
-- AUTO_INCREMENT de la tabla `radicados_asociados`
--
ALTER TABLE `radicados_asociados`
  MODIFY `id` int(10) UNSIGNED NOT NULL AUTO_INCREMENT, AUTO_INCREMENT=47;

--
-- AUTO_INCREMENT de la tabla `remitentes`
--
ALTER TABLE `remitentes`
  MODIFY `ReId` int(10) UNSIGNED NOT NULL AUTO_INCREMENT, AUTO_INCREMENT=6;

--
-- AUTO_INCREMENT de la tabla `roles`
--
ALTER TABLE `roles`
  MODIFY `id` int(10) UNSIGNED NOT NULL AUTO_INCREMENT, AUTO_INCREMENT=26;

--
-- AUTO_INCREMENT de la tabla `role_user`
--
ALTER TABLE `role_user`
  MODIFY `id` int(10) UNSIGNED NOT NULL AUTO_INCREMENT, AUTO_INCREMENT=33;

--
-- AUTO_INCREMENT de la tabla `secuencias_radicacion`
--
ALTER TABLE `secuencias_radicacion`
  MODIFY `id` int(10) UNSIGNED NOT NULL AUTO_INCREMENT, AUTO_INCREMENT=3;

--
-- AUTO_INCREMENT de la tabla `sitios_radicacion`
--
ALTER TABLE `sitios_radicacion`
  MODIFY `id` int(10) UNSIGNED NOT NULL AUTO_INCREMENT, AUTO_INCREMENT=7;

--
-- AUTO_INCREMENT de la tabla `tiposaccion`
--
ALTER TABLE `tiposaccion`
  MODIFY `id` int(10) UNSIGNED NOT NULL AUTO_INCREMENT;

--
-- AUTO_INCREMENT de la tabla `tiposidentificacion`
--
ALTER TABLE `tiposidentificacion`
  MODIFY `id` int(10) UNSIGNED NOT NULL AUTO_INCREMENT, AUTO_INCREMENT=5;

--
-- AUTO_INCREMENT de la tabla `tiposusuario`
--
ALTER TABLE `tiposusuario`
  MODIFY `id` int(10) UNSIGNED NOT NULL AUTO_INCREMENT;

--
-- AUTO_INCREMENT de la tabla `tipos_acciones`
--
ALTER TABLE `tipos_acciones`
  MODIFY `TacId` int(10) UNSIGNED NOT NULL AUTO_INCREMENT;

--
-- AUTO_INCREMENT de la tabla `tipos_courier`
--
ALTER TABLE `tipos_courier`
  MODIFY `id` int(10) UNSIGNED NOT NULL AUTO_INCREMENT, AUTO_INCREMENT=5;

--
-- AUTO_INCREMENT de la tabla `tipos_documentales_radicados`
--
ALTER TABLE `tipos_documentales_radicados`
  MODIFY `id` int(10) UNSIGNED NOT NULL AUTO_INCREMENT, AUTO_INCREMENT=9;

--
-- AUTO_INCREMENT de la tabla `tipos_radicados`
--
ALTER TABLE `tipos_radicados`
  MODIFY `id` int(10) UNSIGNED NOT NULL AUTO_INCREMENT, AUTO_INCREMENT=4;

--
-- AUTO_INCREMENT de la tabla `tipos_secuencias_radicacion`
--
ALTER TABLE `tipos_secuencias_radicacion`
  MODIFY `id` int(10) NOT NULL AUTO_INCREMENT, AUTO_INCREMENT=28;

--
-- AUTO_INCREMENT de la tabla `tipos_solicitudes`
--
ALTER TABLE `tipos_solicitudes`
  MODIFY `id` int(10) UNSIGNED NOT NULL AUTO_INCREMENT, AUTO_INCREMENT=6;

--
-- AUTO_INCREMENT de la tabla `trazabilidad`
--
ALTER TABLE `trazabilidad`
  MODIFY `id` int(10) UNSIGNED NOT NULL AUTO_INCREMENT, AUTO_INCREMENT=11;

--
-- AUTO_INCREMENT de la tabla `users`
--
ALTER TABLE `users`
  MODIFY `id` int(10) UNSIGNED NOT NULL AUTO_INCREMENT, AUTO_INCREMENT=31;

--
-- Restricciones para tablas volcadas
--

--
-- Filtros para la tabla `acciones`
--
ALTER TABLE `acciones`
  ADD CONSTRAINT `acciones_actipo_foreign` FOREIGN KEY (`AcTipo`) REFERENCES `tipos_acciones` (`TacId`) ON DELETE NO ACTION ON UPDATE NO ACTION,
  ADD CONSTRAINT `acciones_acusuarios_foreign` FOREIGN KEY (`AcUsuarios`) REFERENCES `users` (`id`) ON DELETE NO ACTION ON UPDATE NO ACTION;

--
-- Filtros para la tabla `cargos`
--
ALTER TABLE `cargos`
  ADD CONSTRAINT `cargos_dependencia_id_foreign` FOREIGN KEY (`dependencia_id`) REFERENCES `dependencias` (`id`) ON DELETE NO ACTION ON UPDATE NO ACTION;

--
-- Filtros para la tabla `ciudades`
--
ALTER TABLE `ciudades`
  ADD CONSTRAINT `ciudades_departamento_id_foreign` FOREIGN KEY (`departamento_id`) REFERENCES `departamentos` (`id`) ON DELETE NO ACTION ON UPDATE NO ACTION;

--
-- Filtros para la tabla `departamentos`
--
ALTER TABLE `departamentos`
  ADD CONSTRAINT `departamentos_pais_id_foreign` FOREIGN KEY (`pais_id`) REFERENCES `paises` (`id`) ON DELETE NO ACTION ON UPDATE NO ACTION;

--
-- Filtros para la tabla `dependencias`
--
ALTER TABLE `dependencias`
  ADD CONSTRAINT `dependencias_organizacion_id_foreign` FOREIGN KEY (`organizacion_id`) REFERENCES `organizaciones` (`id`) ON DELETE NO ACTION ON UPDATE NO ACTION;

--
-- Filtros para la tabla `gestiones`
--
ALTER TABLE `gestiones`
  ADD CONSTRAINT `gestiones_radicados_raid_foreign` FOREIGN KEY (`Radicados_RaId`) REFERENCES `radicados` (`id`) ON DELETE NO ACTION ON UPDATE NO ACTION,
  ADD CONSTRAINT `gestiones_usuarios_usid_foreign` FOREIGN KEY (`Usuarios_UsId`) REFERENCES `users` (`id`) ON DELETE NO ACTION ON UPDATE NO ACTION;

--
-- Filtros para la tabla `log_ingresos_sistema`
--
ALTER TABLE `log_ingresos_sistema`
  ADD CONSTRAINT `log_ingresos_sistema_liusuario_foreign` FOREIGN KEY (`LiUsuario`) REFERENCES `users` (`id`) ON DELETE NO ACTION ON UPDATE NO ACTION;

--
-- Filtros para la tabla `organizaciones`
--
ALTER TABLE `organizaciones`
  ADD CONSTRAINT `organizaciones_tipoidentificacion_id_foreign` FOREIGN KEY (`tipoidentificacion_id`) REFERENCES `tiposidentificacion` (`id`) ON DELETE NO ACTION ON UPDATE NO ACTION;

--
-- Filtros para la tabla `permission_role`
--
ALTER TABLE `permission_role`
  ADD CONSTRAINT `permission_role_permission_id_foreign` FOREIGN KEY (`permission_id`) REFERENCES `permissions` (`id`) ON DELETE CASCADE,
  ADD CONSTRAINT `permission_role_role_id_foreign` FOREIGN KEY (`role_id`) REFERENCES `roles` (`id`) ON DELETE CASCADE;

--
-- Filtros para la tabla `permission_user`
--
ALTER TABLE `permission_user`
  ADD CONSTRAINT `permission_user_permission_id_foreign` FOREIGN KEY (`permission_id`) REFERENCES `permissions` (`id`) ON DELETE CASCADE,
  ADD CONSTRAINT `permission_user_user_id_foreign` FOREIGN KEY (`user_id`) REFERENCES `users` (`id`) ON DELETE CASCADE;
COMMIT;

/*!40101 SET CHARACTER_SET_CLIENT=@OLD_CHARACTER_SET_CLIENT */;
/*!40101 SET CHARACTER_SET_RESULTS=@OLD_CHARACTER_SET_RESULTS */;
/*!40101 SET COLLATION_CONNECTION=@OLD_COLLATION_CONNECTION */;
